	city name	full city name (GEA)	full city name (UITP)	full city name (WB)	definition  (WB)	study_year (WB)	country	population (GEA)	population (UITP)	population (WB)	population_year (WB)	pop_1950 (WB)	pop_1990 (WB)	pop_2010 (WB)	growth_rate_1950-2010 (WB)	growth_rate_1990-2010 (WB)	area_size (GEA)	area_size (WB)	population_density (GEA)	population_density (UITP)	pop_density (WB)	pop/sqrt(area_size) (GEA)	pop/sqrt(area) (WB)	total_final_consumption_per_capita (GEA)	energy_per_cap_CO2 (WB)	weather_station_id (GEA+)	CDD_23C (GEA+)	HDD_15.5C (GEA+)	diesel_price (GEA+)	gasoline_price (GEA+)	center_of_commerce_index (GEA+)	household_size (GEA+)	year_household_size (GEA+)	household_source (GEA+)	comment_household_size (GEA+)	urbanization_ratio (GEA+)	water_bounded (GEA+)	other_bounded (GEA+)	GDP-PPP/cap (GEA)	GDP-PPP/cap (UITP)	GDP-PPP/cap (WB)
0	Ahmedabad	Ahmadabad					India	4900000.0									464.0		10560.344827586207			227476.78926688855		15.773275142857141		VAAH	2120.0	26.0	0.7	1.09	-999.0	4.8	2011.0	Household: http://www.censusindia.gov.in/2011census/hlo/District_Tables/Distt_table/24/HH1604-2400CRCD.pdf -- Population: http://www.censusindia.gov.in/2011-prov-results/prov_data_products_gujarat.html	Calculation: pop/household (7208200/1494656)	29.235	0.0	River	6247.853520636172		
1	Amsterdam	Amsterdam	Amsterdam				Netherlands	743000.0	831499.0								219.0		3392.6940639269405	5703.0		50207.28721508181		74.51		EHAM	15.0	2060.0	1.45	1.68	60.06	1.82	2004.0	http://www.urbanaudit.org	-999	80.172	1.0	-999	41069.368118436236	28321.84	
2	Athens	Athens	Athens				Greece	3400000.0	3464866.0								412.0		8252.42718446602	6944.0		167505.97728792985		88.77		LGAV	460.0	794.0	1.41	1.23	43.25	2.35	2004.0	http://www.urbanaudit.org	-999	60.316	1.0	-999	22603.509365129346	11505.98	
3	Austin	Austin		Austin 	City 	2005.0	USA	337203.6638377841		672011.0	2005.0	137000.0	569000.0	1266000.0	1.0377559186478507	1.0407970963934607		704.0	1092.07		954.5610795454545		25327.36752263094	147.65268457264608	15.4	KATT	954.0	670.0	0.78	0.56	-999.0	2.43	2010.0	http://factfinder2.census.gov/faces/tableservices/jsf/pages/productview.xhtml?pid=DEC_10_DP_DPDP1&prodType=table	-999	80.731	0.0	-999	49789.026213380916		49789.026213380916
4	Bangalore	Bangalore					India	4130000.0											7600.0					10.953995157384988		43295	705.0	2.0	0.7	1.09	35.78	4.03	2011.0	Household: http://www.censusindia.gov.in/2011census/hlo/District_Tables/Distt_table/29/HH1604-2900CRCD.pdf -- Population: http://www.censusindia.gov.in/2011-prov-results/paper2/data_files/karnataka/4-population-8-19.pdf	Calculation: pop/household (9588910/2377056)	29.235	0.0	-999	1993.0		
5	Barcelona	Barcelona		Barcelona 	City 	2006.0	Spain	1605602.0		1605602.0	2006.0	1809000.0	4101000.0	5488000.0	1.0186686144583552	1.0146732629035444	101.9	109.1	15756.643768400392		14716.7919340055	159056.2754116643	153718.28311174666	65.71972011396437	2.3	LEBL	142.0	825.0	1.28	1.23	50.9	2.5	2004.0	http://www.urbanaudit.org	-999	76.701	1.0	-999	29076.722671203745		29076.722671203745
6	Barnsley, Doncaster and Rotherham	Barnsley, Doncaster and Rotherham					United Kingdom	767100.0									1184.0		559.0			22293.390920095942		108.04936491977064		EGNM	2.0	2550.0	1.65	1.44	-999.0	2.3	2011.0	http://www.ons.gov.uk/ons/interactive/vp2-2011-census-comparator/index.html / http://www.nomisweb.co.uk/articles/658.aspx (Table H01 2011 Census: Number of households with at least one usual resident, local authorities in England and Wales)	Calculation: Barnsley pop/household (227600/100700=2.26); Doncaster (290600/12650=2.29); Rotherham (254600/108300=2.35); Average (2.3)	79.007	0.0	-999	23817.540019414155		
7	Bath and North East Somerset, North Somerset and South Gloucestershire	Bath and North East Somerset, North Somerset and South Gloucestershire					United Kingdom	632200.0											255.6					98.62730550537948		EGGD	1.0	2229.0	1.65	1.44	-999.0	2.43	2011.0	http://www.ons.gov.uk/ons/interactive/vp2-2011-census-comparator/index.html / http://www.nomisweb.co.uk/articles/658.aspx (Table H01 2011 Census: Number of households with at least one usual resident, local authorities in England and Wales)	Calculation: Bath and NE Somerset pop/household (179700/73500=2.44); N Somerset (212200/88200=2.4); S Gloucestershire (264800/107500=2.46); Average (2.43)	79.007	0.0	-999	37014.79344932283		
8	Bedfordshire CC	Bedfordshire CC					United Kingdom	403600.0											499.0					88.87749647556623		EGGW	7.0	2240.0	1.65	1.44	-999.0	3.98	2011.0	http://www.ons.gov.uk/ons/interactive/vp2-2011-census-comparator/index.html / http://www.nomisweb.co.uk/articles/658.aspx (Table H01 2011 Census: Number of households with at least one usual resident, local authorities in England and Wales)	Calculation: pop/household (416000/104400)	79.007	0.0	-999	29148.524526909343		
9	Beijing	Beijing	Beijing	Beijing 	Beijing Government Administered Area (Province) 	2006.0	China	10717033.0	8164000.0	15810000.0	2006.0	1671000.0	6788000.0	15000000.0	1.0372543069758682	1.0404410322022664		16801.25	8502.794106974383	12311.0	941.0014135852987		121972.26057093298	114.48663743034103	9.3	ZBAA	381.0	2450.0	1.01	0.99	42.52	2.87	2003.0	http://www.stats.gov.cn/english/statisticaldata/yearlydata/yarbook2003_e.pdf	-999	42.522	0.0	Mountains	9237.631348153915	1828.75	9237.631348153915
10	Belfast	Belfast					United Kingdom	267600.0									115.0		2326.9565217391305			24953.828668510796		48.6292440044852		EGAA	0.0	2355.0	1.65	1.44	-999.0	2.36	2004.0	http://www.urbanaudit.org	-999	79.007	1.0	-999	52835.843300470275		
11	Belgrade	Belgrade					Serbia	1700000.0000000002									360.0		4722.222222222223			89597.86703810409		38.88635294117647		LYBE	251.0	1969.0	1.14	1.29	-999.0	2.8	2002.0	https://zis.beograd.gov.rs/upload/G_2010E_03.pdf	-999	54.433	0.0	Large River	11352.882352941177		
12	Berkshire	Berkshire					United Kingdom	816400.0									1262.0		646.9096671949287			22981.23261050068		101.83756807365025		EGUB	8.0	2169.0	1.65	1.44	-999.0	2.47	2011.0	http://www.ons.gov.uk/ons/interactive/vp2-2011-census-comparator/index.html / http://www.nomisweb.co.uk/articles/658.aspx (Table H01 2011 Census: Number of households with at least one usual resident, local authorities in England and Wales)	Calculation: pop/household (154000/62300)	79.007	0.0	-999	53628.22182163587		
13	Berlin	Berlin	Berlin				Germany	3415742.0	3471418.0								891.85		3829.9512249817794	5598.0		114377.11859074661		80.66		IBERLIN15*	88.0	2213.0	1.56	1.56	53.22	1.8	2004.0	http://www.urbanaudit.org	-999	73.355	0.0	River	22114.13488324916	23479.61	
14	Birmingham	Birmingham					United Kingdom	2599500.0									1598.0		1626.720901126408			65028.155305821936		85.50243248174105		EGBB	5.0	2214.0	1.65	1.44	-999.0	2.52	2011.0	http://www.ons.gov.uk/ons/interactive/vp2-2011-census-comparator/index.html / http://www.nomisweb.co.uk/articles/658.aspx (Table H01 2011 Census: Number of households with at least one usual resident, local authorities in England and Wales)	Calculation: pop/household (1036900/410700)	79.007	0.0	-999	31543.129315001523		
15	Blackburn with Darwen	Blackburn with Darwen					United Kingdom	141100.0									303.85		464.3738686852065			8094.637290915674		93.73487407002975		EGCC	2.0	2227.0	1.65	1.44	-999.0	2.43	2011.0	http://www.ons.gov.uk/ons/interactive/vp2-2011-census-comparator/index.html / http://www.nomisweb.co.uk/articles/658.aspx (Table H01 2011 Census: Number of households with at least one usual resident, local authorities in England and Wales)	Calculation: pop/household (140000/57400)	79.007	0.0	-999	25422.2175822808		
16	Boulder	Boulder					USA	469949.026382091											151.0					136.1621538769083		KBJC	247.0	2446.0	0.78	0.56	-999.0	2.39	2010.0	http://factfinder2.census.gov/faces/tableservices/jsf/pages/productview.xhtml?pid=DEC_10_DP_DPDP1&prodType=table	metro area	80.731	0.0	Mountains	63989.27164454151		
17	Bournemouth	Bournemouth and Poole					United Kingdom	298700.0									111.06		2689.537187106069			28343.689911311525		77.47837730999156		EGHH	2.0	1981.0	1.65	1.44	-999.0			-999	-999	79.007	-999.0	-999	34832.871609617745		
18	Bradford	Bradford					United Kingdom	492900.0											1290.0					80.5543899386311		EGNM	0.0	2550.0	1.65	1.44	-999.0	2.54	2004.0	http://www.urbanaudit.org	-999	79.007	-999.0	-999	26760.39908461634		
19	Bratislava	Bratislava					Slovakia	427000.0									367.584		1161.6392443631933			22271.50550239214		82.8		LZIB	131.0	2285.0	1.68	1.57	-999.0		2010.0	http://app.statistics.sk/mosmis/eng/run.html	(pop only: 41086)	55.563	0.0	Large River	22059.211708331608		
20	Bremen	Bremen					Germany	548477.0									326.73		1678.6857650047439			30343.377075278004		155.93326403082042		EDDW	36.0	2390.0	1.56	1.56	-999.0	1.86	2004.0	http://www.urbanaudit.org	-999	73.355	-999.0	-999	41827.31029657794		
21	Bridgend and Neath Port Talbot	Bridgend and Neath Port Talbot					United Kingdom	269700.0											255.6					142.86912782127334		EGFF	0.0	1948.0	1.65	1.44	-999.0	2.28	2011.0	http://www.ons.gov.uk/ons/interactive/vp2-2011-census-comparator/index.html / http://www.nomisweb.co.uk/articles/658.aspx (Table H01 2011 Census: Number of households with at least one usual resident, local authorities in England and Wales)	Calculation: Bridgend pop/household (134600/58500=2.3); Neath Port Talbot (137400/60400=2.27); Average (2.28)	79.007	1.0	-999	23752.035559747226		
22	Brighton and Hove	Brighton and Hove					United Kingdom	251500.0									87.54		2872.972355494631			26880.33756125283		67.79935288190443		EGKA	2833.0	1891.0	1.65	1.44	-999.0	2.13	2011.0	http://www.ons.gov.uk/ons/interactive/vp2-2011-census-comparator/index.html / http://www.nomisweb.co.uk/articles/658.aspx (Table H01 2011 Census: Number of households with at least one usual resident, local authorities in England and Wales)	Calculation: pop/household (258800/121500)	79.007	1.0	-999	33782.11349940126		
23	Bristol	Bristol, City of					United Kingdom	410700.0									110.0		3733.6363636363635			39158.708540316475		70.41764084849086		EGGD	1.0	2229.0	1.65	1.44	-999.0	2.41	2011.0	http://www.ons.gov.uk/ons/interactive/vp2-2011-census-comparator/index.html / http://www.nomisweb.co.uk/articles/658.aspx (Table H01 2011 Census: Number of households with at least one usual resident, local authorities in England and Wales)	Calculation: pop/household (441300/182700); bounded water not sure	79.007	1.0	-999	45714.402855447406		
24	Brussels	Brussels	Brussels				Belgium	1050000.0	948122.0								161.38		6506.382451357045	7239.0		82654.10802812464		86.88		6447	31.0	2024.0	1.34	1.5	52.16	2.22	2010.0	http://www.bisa.irisnet.be/en/themes/population/population	"Downloaded ""Structure of households (.xls)"" and averaged the household sizes listed in table 1.2.1.1 - let me know if you want to see the work."	97.292	0.0	-999	49144.54781255517	28008.58	
25	Buckinghamshire CC	Buckinghamshire CC					United Kingdom	487600.0									1565.0		311.5654952076677			12325.55619285632		103.2306213626836		EGLL	17.0	1810.0	1.65	1.44	-999.0	2.52	2011.0	http://www.ons.gov.uk/ons/interactive/vp2-2011-census-comparator/index.html / http://www.nomisweb.co.uk/articles/658.aspx (Table H01 2011 Census: Number of households with at least one usual resident, local authorities in England and Wales)	Calculation: pop/household (505283/200700)	79.007	0.0	Lakes, Rivers	39984.750972934504		
26	Bucharest	Bucuresti (Bucharest)					Romania	1900000.0000000002									285.0		6666.666666666668			112546.28677422756		72.13		LRBS	291.0	2168.0	1.22	1.11	-999.0	2.48	2006.0	http://www.insse.ro/cms/rw/pages/statRegionale.en.do;jsessionid=03965199186fdc0691f55de66778917cfa04aabb0e35dfbcd7561e3035fe9d90.e38QbxeSahyTbi0Oax10	Calculation: pop/household (2219532/893241)	52.762	0.0	Large River	19636.39760036712		
27	Budapest	Budapest	Budapest				Hungary	1700000.0	1906798.0								525.16		3237.108690684744	5100.0		74182.7794987763		98.85		12843	173.0	2219.0	1.38	1.27	44.52	1.93	2010.0	http://www.ksh.hu/interaktiv/terkepek/mo/lakas_eng.html?mapid=ZRS001	-999	66.365	0.0	River	25392.596109499962	5678.67	
28	Buffalo City	Buffalo City 					South Africa	702671.0									2536.0		304.0			13953.31521952888		25.999999999999996		FAEL	117.0	219.0	0.95	0.87	-999.0	2.33	2010.0	http://factfinder2.census.gov/faces/tableservices/jsf/pages/productview.xhtml?pid=DEC_10_DP_DPDP1&prodType=table	metro area	59.256	1.0	-999	5490.4356730986165		
29	Calderdale, Kirklees and Wakefield	Calderdale, Kirklees and Wakefield					United Kingdom	917900.0											550.0					99.39741891352361		EGNM	0.0	2550.0	1.65	1.44	-999.0			-999	-999	79.007	-999.0	-999	27871.569979483767		
30	Cambridgeshire CC	Cambridgeshire CC					United Kingdom	589900.0									3046.0		193.66382140512147			10688.41841653297		117.67739193740346		EGSS	9.0	2214.0	1.65	1.44	-999.0	2.27	2004.0	http://www.urbanaudit.org	(Cambridge 2.27)	79.007	-999.0	-999	35290.53859363091		
31	Cape Town	Cape Town	Cape Town	Cape Town 	City 	2006.0	South Africa	3069404.0	2900000.0	3497097.0	2006.0	618000.0	2155000.0	3492000.0	1.0292829118143991	1.0244277824918027	2454.72	2454.72	1250.4090079520272	7106.0	1424.6419143527573	61951.678029283314	70584.07019120734	44.00000000000001	6.0	FACT	131.0	461.0	0.95	0.87	-999.0	3.4	2008.0	https://www.statssa.gov.za/Publications/P0318/P0318April2012.pdf	From tables on page five, total population / total households	59.256	1.0	-999	12320.458980159154	4242.73	12320.458980159154
32	Cardiff	Cardiff and Vale of Glamorgan					United Kingdom	440700.0									475.3		927.2038712392173			20214.32032137423		100.90338747791407		EGFF	0.0	1948.0	1.65	1.44	-999.0			-999	-999	79.007	-999.0	-999	35777.17509890704		
33	Central Valleys (Wales)	Central Valleys (Wales)					United Kingdom	289300.0											255.6					95.67931516721262		IBRIDGEN1	4.0	2114.0	1.65	1.44	-999.0			-999	-999	79.007	-999.0	-999	20732.741579652593		
34	Changchun	Changchun					China	7392600.0									20532.0		360.05260081823496			51591.90689254356		68.7047344365443		ZYCC	158.0	4305.0	1.01	0.99	-999.0	3.29	2003.0	http://www.stats.gov.cn/english/statisticaldata/yearlydata/yarbook2003_e.pdf	"For ""Jilin"""	42.522	0.0	-999	6827.100791475687		
35	Changsha, Hunan	Changsha, Hunan					China	6310000.0									11819.0		533.886115576614			58041.54881882834		59.612729930089735		ZGHA	698.0	1100.0	1.01	0.99	-999.0	3.44	2003.0	http://www.stats.gov.cn/english/statisticaldata/yearlydata/yarbook2003_e.pdf	"For ""Hunan"""	42.522	0.0	Mountains, River	8263.771141294194		
36	Chengdu	Chengdu					China	11034000.0									12132.0		909.4955489614243			100176.71329825289		44.93882575586986		ZUUU	406.0	893.0	1.01	0.99	33.84	3.26	2003.0	http://www.stats.gov.cn/english/statisticaldata/yearlydata/yarbook2003_e.pdf	"For ""Sichuan"""	42.522	0.0	Mountains	5166.577850733139		
37	Cheshire CC	Cheshire CC					United Kingdom	686500.0											255.6					183.51302916005238		EGGP	2.0	1916.0	1.65	1.44	-999.0			-999	-999	79.007	-999.0	-999	37761.258467385494		
38	Chongqing	Chongqing					China	6362501.0											3145.0					144.35516106009254		ZUCK	543.0	885.0	1.01	0.99	33.13	3.35	2003.0	http://www.stats.gov.cn/english/statisticaldata/yearlydata/yarbook2003_e.pdf	-999	42.522	0.0	River	5500.9814536767835		
39	Leeds	city of leeds					United Kingdom	750600.0									551.72		1360.4727035452765			31955.763349998142		94.16134198971908		EGNM	0.0	2550.0	1.65	1.44	-999.0	2.31	2004.0	http://www.urbanaudit.org	-999	79.007	0.0	-999	63066.614111154915		
40	Clackmannanshire and Fife	Clackmannanshire and Fife					United Kingdom	407900.0									1484.0		274.86522911051213			10588.55641502551		124.47162458180055		EGQL	0.0	2476.0	1.65	1.44	-999.0			-999	-999	79.007	-999.0	-999	25208.888245480666		
41	Copenhagen	Copenhagen	Copenhagen				Denmark	504000.0	1739458.0								88.25		5711.048158640227	2849.0		53650.426577564824		80.63		EKCH	7.0	2483.0	1.54	1.54	57.99	1.95	2012.0	http://www.statbank.dk/statbank5a/default.asp?w=1280	Calculation: pop/household (551900/283010)	85.856	1.0	-999	37793.45233047332	37058.29	
42	Dalian	Dalian					China	5720800.0									13237.0		432.18251869759007			49723.53319068521		134.5106046539084		ZYTL	175.0	2524.0	1.01	0.99	-999.0	3.14	2003.0	http://www.stats.gov.cn/english/statisticaldata/yearlydata/yarbook2003_e.pdf	"For ""Liaoning"""	42.522	1.0	-999	13019.892004595358		
43	Dar es Salaam	Dar es Salaam					Tanzania	1330310.0									1590.5		836.4099339830242			33356.92580674899		16.9		HKMO**	1354.0	0.0	1.3	1.11	-999.0	4.5	2002.0	http://www.nbs.go.tz/takwimu/references/2002popcensus.pdf	-999	24.192	1.0	-999	1081.0		
44	Darlington	Darlington					United Kingdom	99400.0											255.6					110.71138620195853		EGNV	2.0	2263.0	1.65	1.44	-999.0			-999	-999	79.007	-999.0	-999	32144.268412317906		
45	Denver	Denver		Denver 	City and County	2005.0	USA	579744.0		579744.0	2005.0	505000.0	1528000.0	2492000.0	1.0269617722428315	1.0247578036103384	401.3	401.3	1444.6648392723648		1444.6648392723648	28940.210306407895	28940.210306407895	221.49570920958212	17.69	KBJC	247.0	2446.0	0.78	0.56	-999.0	2.5	2010.0	http://factfinder2.census.gov/faces/tableservices/jsf/pages/productview.xhtml?pid=DEC_10_DP_DPDP1&prodType=table	metro area	80.731	0.0	Mountains	58011.47377702888		58011.47377702888
46	Derby	Derby					United Kingdom	236400.0									78.03		3029.6039984621298			26761.883065966183		87.38918297187581		EGNX	6.0	2135.0	1.65	1.44	-999.0			-999	-999	79.007	-999.0	-999	40712.642903302825		
47	Dublin	Dublin					Ireland	1200000.0											4588.0					156.46		EIDW	0.0	2238.0	1.64	1.56	51.77			-999	-999	60.477	-999.0	-999	47239.75234800851		
48	Durham CC	Durham CC					United Kingdom	501199.99999999994											230.0					96.25947575823805		EGNT	0.0	2443.0	1.65	1.44	-999.0			-999	-999	79.007	-999.0	-999	21082.342500481573		
49	East Ayrshire and North Ayrshire mainland	East Ayrshire and North Ayrshire mainland					United Kingdom	248400.0											95.0					119.73617720953612		EGPK	0.0	2241.0	1.65	1.44	-999.0			-999	-999	79.007	-999.0	-999	21892.971532896216		
50	East Cumbria	East Cumbria					United Kingdom	259800.0											74.0					156.39231094671769		EGNT	3454.0	2443.0	1.65	1.44	-999.0			-999	-999	79.007	-999.0	-999	28644.754106368484		
51	East Derbyshire	East Derbyshire					United Kingdom	272100.0											360.0					111.92967408687241		EGNX	6.0	2135.0	1.65	1.44	-999.0			-999	-999	79.007	-999.0	-999	24781.499347139546		
52	East Dunbartonshire, West Dunbartonshire and Helensburgh & Lomond	East Dunbartonshire, West Dunbartonshire and Helensburgh & Lomond					United Kingdom	223500.00000000003											599.0					67.65210587283445		EGPF	0.0	2418.0	1.65	1.44	-999.0			-999	-999	79.007	-999.0	-999	20348.965620377563		
53	East Lothian and Midlothian	East Lothian and Midlothian					United Kingdom	172300.0									1033.0		166.79574056147143			5360.86803593798		90.22759899946713		EGPH	0.0	2483.0	1.65	1.44	-999.0			-999	-999	79.007	-999.0	-999	24590.506197058934		
54	East Merseyside	East Merseyside					United Kingdom	328700.0											2145.0					110.46760370539783		EGGP	2.0	1916.0	1.65	1.44	-999.0			-999	-999	79.007	-999.0	-999	21984.836737459776		
55	East of Northern Ireland	East of Northern Ireland					United Kingdom	421000.0											131.0					90.68474756315261		EGAA	0.0	2355.0	1.65	1.44	-999.0			-999	-999	79.007	-999.0	-999	25837.3388590083		
56	East Riding of Yorkshire	East Riding of Yorkshire					United Kingdom	331000.0									2409.0		137.40141137401412			6743.876271462776		106.88394226426044		EGNM/EGXG	4.0	2550.0	1.65	1.44	-999.0	2.37	2011.0	http://www.ons.gov.uk/ons/interactive/vp2-2011-census-comparator/index.html / http://www.nomisweb.co.uk/articles/658.aspx (Table H01 2011 Census: Number of households with at least one usual resident, local authorities in England and Wales)	Calculation: pop/household (334179/143000)	79.007	1.0	-999	23669.39377314116		
57	East Sussex CC	East Sussex CC					United Kingdom	506500.0											447.0					78.52432903838985		EGKK	11.0	2009.0	1.65	1.44	-999.0			-999	-999	79.007	-999.0	-999	25736.11624394199		
58	Edinburgh	Edinburgh, City of					United Kingdom	463200.00000000006									259.0		1788.4169884169887			28781.84756117559		89.69192094428394		EGPH	0.0	2483.0	1.65	1.44	47.79	2.1	2004.0	http://www.urbanaudit.org	-999	79.007	1.0	-999	56396.17714852482		
59	Ekurhuleni	Ekurhuleni 					South Africa	2761253.0									1975.0		1398.1027848101266			62133.04683391373		60.99999999999999		FAJS	114.0	668.0	0.95	0.87	-999.0	3.2	2007.0	http://www.statssa.gov.za/community_new/content.asp?link=interactivedata.asp	-999	59.256	0.0	-999	8737.347932730327		
60	Essex CC	Essex CC					United Kingdom	1362400.0									3465.0		393.1890331890332			23144.777787154035		91.71984999838986		EGSS	9.0	2214.0	1.65	1.44	-999.0			-999	-999	79.007	-999.0	-999	29587.646028543073		
61	eThekwini	eThekwini 					South Africa	3269641.0									2291.0		1427.1676123963334			68310.50972846829		39.0		EGGP	2.0	1916.0	0.95	0.87	-999.0	4.15	2007.0	http://www.statssa.gov.za/community_new/content.asp?link=interactivedata.asp	Calculation: pop/household (3468087/833858)	59.256	1.0	-999	9498.92762293238		
62	Falkirk	Falkirk					United Kingdom	149800.0											1427.167612					705.2252643840702		EGPH	0.0	2483.0	1.65	1.44	-999.0			-999	-999	79.007	1.0	Bay/river	35209.49630790052		
63	Flintshire and Wrexham	Flintshire and Wrexham					United Kingdom	281200.0											516.0					154.3830729679591		EGNR	2.0	2115.0	1.65	1.44	-999.0			-999	-999	79.007	-999.0	-999	29905.745773922383		
64	Fort Collins	Fort Collins					USA	304945.1709633232											342.0					124.50605464673635		KFNL	209.0	3000.0	0.78	0.56	-999.0			-999	-999	80.731	-999.0	-999	37967.52012021788		
65	Fuzhou	Fuzhou      					China	6227300.0									12177.0		511.3985382278065			56432.54483988844		37.8831415730852		ZSFZ	665.0	486.0	1.01	0.99	-999.0	3.22	2003.0	http://www.stats.gov.cn/english/statisticaldata/yearlydata/yarbook2003_e.pdf	"For ""Fujian"""	42.522	1.0	-999	7745.577150948458		
66	Gävle	Gävle					Sweden	92205.0											1471.35149476379					388.42600292825773		ESSA	22.0	3364.0	1.52	1.38	-999.0	3.2	2011.0	http://www.ssd.scb.se/databaser/makro/start.asp?lang=2 	Calculation: population/households (2724230/849349)	84.319	1.0	-999	27784.47867158672		
67	Geneva canton	Genva canton	Geneva	Geneva 	Canton	2005.0	Switzerland	432057.98190474295	399081.0	432058.0	2005.0						282.48	282.48	1529.5170698978438	5235.0	1529.5171339563863	25706.80957468114	25706.810651322117	197.9498410810251	5.7	LSGG	84.0	2197.0	1.52	1.3	50.13	2.27	2000.0	http://www.bfs.admin.ch/bfs/portal/en/index/infothek/onlinedb/stattab.html 	Calculation: population/households (403067/177364)	73.457	1.0	Mountains	42588.36986310348	45307.74	42588.36986310348
68	Glasgow	Glasgow City	Glasgow				United Kingdom	580500.0	2177400.0								175.5		3307.6923076923076	3402.0000000000005		43819.12122139586		85.54749294857093		EGPF	0.0	2418.0	1.65	1.44	-999.0	2.04	2004.0	http://www.urbanaudit.org	-999	79.007	0.0	River	45900.30501331721	14698.46	
69	Gloucestershire	Gloucestershire					United Kingdom	578900.0									3150.0		183.77777777777777			10314.502196206831		104.67113623972409		EGDL	2.0	2217.0	1.65	1.44	-999.0			-999	-999	79.007	-999.0	-999	33270.995313660176		
70	Guangzhou	Guangzhou, Guangdong	Guangzhou				China	7607200.0	3853800.0										1708.0	11904.0				93.78921648404659		ZGGG	1071.0	259.0	1.01	0.99	-999.0	3.65	2003.0	http://www.stats.gov.cn/english/statisticaldata/yearlydata/yarbook2003_e.pdf	-999	42.522	1.0	-999	23143.25513015306	2796.01	
71	Guiyang	Guiyang					China	3545200.0									8034.0		441.2745830221558			39552.58084790608		97.90116476159079		ZUGY	151.0	1404.0	1.01	0.99	-999.0	3.66	2003.0	http://www.stats.gov.cn/english/statisticaldata/yearlydata/yarbook2003_e.pdf	"For ""Guizhou"""	42.522	1.0	-999	4929.242534192894		
72	Gwent Valleys	Gwent Valleys					United Kingdom	331600.0											255.6					91.3165964985237		EGFF	0.0	1948.0	1.65	1.44	-999.0			-999	-999	79.007	-999.0	-999	20280.389638909568		
73	Haerbin	Haerbin					China	9804000.0									53000.0		184.9811320754717			42585.85468049132		55.73525289014503		ZYHB	158.0	4815.0	1.01	0.99	-999.0	3.22	2003.0	http://www.stats.gov.cn/english/statisticaldata/yearlydata/yarbook2003_e.pdf	"For ""Heilongjiang"""	42.522	0.0	River	6191.213202017652		
74	Haikou	Haikou					China	1766800.0000000002									2237.0		789.8077782744748			37355.48664728305		31.066826749244587		ZJHK	998.0	51.0	1.01	0.99	-999.0	4.23	2003.0	http://www.stats.gov.cn/english/statisticaldata/yearlydata/yarbook2003_e.pdf	"For ""Hainan"""	42.522	1.0	-999	5744.100696100842		
75	Halmstad	Halmstad					Sweden	88224.0											86.57984867					132.51079978237215		ISCANIAB1	17.0	2706.0	1.52	1.38	-999.0	2.05	2011.0	http://www.ssd.scb.se/databaser/makro/start.asp?lang=2 	Calculation: population/households (92294/44891)	84.319	1.0	-999	27059.666184501846		
76	Halton and Warrington	Halton and Warrington					United Kingdom	313600.0											255.6					128.46910858902285		EGGP	2.0	1916.0	1.65	1.44	-999.0			-999	-999	79.007	-999.0	-999	39238.11736603551		
77	Hamburg	Hamburg	Hamburg				Germany	1769116.9999999998	1707901.0								755.0		2343.201324503311	3840.0		64384.759824055596		104.79295603399889		EDDH	32.0	2416.0	1.56	1.56	51.53	1.86	2004.0	http://www.urbanaudit.org	-999	73.355	0.0	Major River	33348.45513281597	37305.72	
78	Hampshire CC	Hampshire CC					United Kingdom	1267100.0									3679.0		344.4142430008154			20890.363503451375		131.2848412654528		EGDL	2.0	2217.0	1.65	1.44	-999.0			-999	-999	79.007	-999.0	-999	34301.85143215584		
79	Hangzhou	Hangzhou					China	6663100.0											1214.0					72.69784352472337		ZSHC	651.0	1146.0	1.01	0.99	-999.0	2.93	2003.0	http://www.stats.gov.cn/english/statisticaldata/yearlydata/yarbook2003_e.pdf	"For ""Zhejiang"""	42.522	0.0	Mountains, Large River	14971.286119343064		
80	Hartlepool and Stockton-on-Tees	Hartlepool and Stockton-on-Tees					United Kingdom	280200.0											255.6					131.4095451739001		EGNV	2.0	2263.0	1.65	1.44	-999.0			-999	-999	79.007	-999.0	-999	26211.308098734906		
81	Hefei	Hefei					China	4698500.0									7029.48		668.3993695123964			56039.93609609128		47.479120008797445		ZSOF	553.0	1442.0	1.01	0.99	-999.0	3.49	2003.0	http://www.stats.gov.cn/english/statisticaldata/yearlydata/yarbook2003_e.pdf	"For ""Anhui"""	42.522	0.0	Near a lake	6624.220797141151		
82	Helsinki	Helsinki	Helsinki				Finland	564682.0	891056.0								715.49		789.2241680526632	3300.0		21110.67695893038		92.61386054451886		EFHF	17.0	3675.0	1.39	1.57	-999.0	1.88	2004.0	http://www.urbanaudit.org	-999	82.905	1.0	-999	39307.924569006886	28323.35	
83	Herefordshire, County of	Herefordshire, County of					United Kingdom	177900.0									2180.0		81.60550458715596			3810.1993735308715		107.10275755227448		EGGD	1.0	2229.0	1.65	1.44	-999.0			-999	-999	79.007	-999.0	-999	26616.68714331033		
84	Hertfordshire	Hertfordshire					United Kingdom	1058700.0									1643.0		644.3700547778454			26118.85481779982		96.90680920770677		EGGW	7.0	2240.0	1.65	1.44	-999.0			-999	-999	79.007	-999.0	-999	40483.236976647524		
85	Hohhot	Hohhot					China	2158100.0									17224.0		125.29609846725499			16443.889749757596		180.4745945936209		ZBHH	176.0	3989.0	1.01	0.99	-999.0	3.15	2003.0	http://www.stats.gov.cn/english/statisticaldata/yearlydata/yarbook2003_e.pdf	"For "" Inner Mongolia"""	42.522	0.0	Mountains	12089.226870117634		
86	Hong Kong	Hong Kong	Hong Kong				China	7057418.000000001	6311000.0								1104.0		6392.588768115943	32036.0		212403.3216282158		68.54388843058467		VHHH	1117.0	97.0	1.01	0.99	63.94	2.99	2012.0	http://www.censtatd.gov.hk/hkstat/sub/bbs.jsp	Calculation: pop/household (7136.3/2382)	100.0	1.0	-999	34573.55083686414	22968.45	
87	Inverclyde, East Renfrewshire and Renfrewshire	Inverclyde, East Renfrewshire and Renfrewshire					United Kingdom	340600.0									595.0		572.436974789916			13963.238650594116		88.99581169694041		EGPF	0.0	2418.0	1.65	1.44	-999.0			-999	-999	79.007	-999.0	-999	25755.152699388393		
88	Iskandar	Iskandar (Johore Baru metro area)					Malaysia	1353202.0									185.0		7314.605405405406			99489.38970465848		101.64924379360953		WRBI	1280.0	0.0	0.53	0.53	-999.0	4.17	2010.0	http://www.statistics.gov.my/portal/images/stories/files/LatestReleases/banci/jadual3.pdf	(slightly inland, but very close to coast)	67.575	0.0	-999	16042.108811033188		
89	Istanbul	Istanbul					Turkey	12600000.0											2725.0					36.15		LTBA	278.0	1158.0	1.63	1.87	36.14	3.85	2000.0	http://www.turkstat.gov.tr/VeriBilgi.do?alt_id=39	-999	66.841	1.0	-999	13698.170192246094		
90	Jilin	Jilin					China	4330000.0											160.0					87.49164662355658		ZYCC	158.0	4305.0	1.01	0.99	-999.0	3.29	2003.0	http://www.stats.gov.cn/english/statisticaldata/yearlydata/yarbook2003_e.pdf	-999	42.522	0.0	-999	8703.803444162086		
91	Jinan, Shandong	Jinan, Shandong					China	6033500.0									8177.0		737.8622966858261			66722.50120502026		80.13186154079561		ZSTN	434.0	1843.0	1.01	0.99	-999.0	3.12	2003.0	http://www.stats.gov.cn/english/statisticaldata/yearlydata/yarbook2003_e.pdf	"For ""Shandong"""	42.522	0.0	Mountains	10497.501550650853		
92	Johannesburg	Johannesburg	Johannesburg				South Africa	3585545.0	2448436.0								1644.96		2179.715616185196	2962.0		88405.13802395621		37.0		FAJS	114.0	668.0	0.95	0.87	42.04	3.37	2007.0	http://www.statssa.gov.za/community_new/content.asp?link=interactivedata.asp	Calculation: pop/household (3888182/1165014)	59.256	0.0	Mountains	15170.409162975702	5136.54	
93	Jönköping	Jönköping					Sweden	120965.0											1815.37959583658					120.18214524862564		ESGJ	11.0	3512.0	1.52	1.38	-999.0	2.14	2011.0	http://www.ssd.scb.se/databaser/makro/start.asp?lang=2 	Calculation: population/households (128305/59749)	84.319	1.0	Large Lake	28388.489077490776		
94	Karlstad	Karlstad					Sweden	82096.0											1784.61257127315					105.87396706295071		ESOK	13.0	3554.0	1.52	1.38	-999.0	1.95	2011.0	http://www.ssd.scb.se/databaser/makro/start.asp?lang=2 	Calculation: population/households (86409/44250)	84.319	1.0	-999	27059.666184501843		
95	Kent CC	Kent CC					United Kingdom	1383400.0									3544.0		390.34988713318285			23238.115970535244		102.6705977254082		EGMC	11.0	1855.0	1.65	1.44	-999.0			-999	-999	79.007	-999.0	-999	28136.655739213256		
96	King Sabata	King Sabata 					South Africa	421233.0									3027.0		139.1585728444004			7656.251244242532		13.000000000000002		FAUT	261.0	599.0	0.95	0.87	-999.0	4.76	2007.0	http://www.statssa.gov.za/community_new/content.asp?link=interactivedata.asp	Calculation: pop/household (444832/93385)	59.256	1.0	Municipality is near coast	2895.7682036186966		
97	Kingston upon Hull	Kingston upon Hull, City of					United Kingdom	256000.0									71.45		3582.925122463261			30285.78596223969		90.67978159060516		3292	0.0	2161.0	1.65	1.44	-999.0	2.25	2004.0	http://www.urbanaudit.org	-999	79.007	-999.0	-999	29422.855301975844		
98	Bangkok	Krung Thep (Bangkok)	Bangkok	Bangkok 	City 	2005.0	Thailand	5658953.0	6685000.0	5658953.0	2005.0	1360000.0	5888000.0	8213000.0	1.03042419721768	1.0167793116589317	1568.737	1568.737	3607.3306105484858	13869.0	3607.3306105484858	142876.57043950623	142876.57043950623	104.61243725756336	7.5	VTBS	2064.0	0.0	0.64	0.87	48.23	3.64	2000.0	http://web.nso.go.th/en/census/poph/indiregion/indi_whole.htm	Calculation: pop/household (6355144/1743752)	32.241	1.0	(slightly removed)	13520.87136394904	6316.49	8169.964368657078
99	Kunming	Kunming					China	5143000.000000001											300.0					67.05599421514654		ZPPP	104.0	718.0	1.01	0.99	-999.0	3.79	2003.0	http://www.stats.gov.cn/english/statisticaldata/yearlydata/yarbook2003_e.pdf	"For ""Yunnan"""	42.522	1.0	Mountains, Lake	6804.250123237967		
100	Kiev	Kyiv (Kiev)					Ukraine	2700000.0									839.0		3218.1168057210966			93214.35176756293		87.16		UKKK	136.0	2918.0	0.96	0.88	-999.0	2.65	2010.0	http://ukrstat.org/en/druk/katalog/kat_e/publ2_e.htm	Calculation:pop/household (2785/1049.9) First added Kyiv households: (360,4+689,5)	67.79	0.0	Large River	4902.0		
101	Kyoto	Kyoto					Japan	1470000.0									827.9		1775.5767604783186			51089.116628721706		72.50038095238095		RJOO	503.0	1214.0	1.3	1.42	-999.0			-999	pop only	85.978	0.0	Mountains, near lake	31097.545630834567		
102	Lancashire CC	Lancashire CC					United Kingdom	1165400.0									2903.0		401.4467791939373			21629.749801433547		104.26196060215322		EGNH	2.0	2015.0	1.65	1.44	-999.0			-999	-999	79.007	-999.0	-999	28180.350592638675		
103	Lanzhou	Lanzhou					China	3136399.9999999995									13300.0		235.8195488721804			27196.037084154494		65.42283987629077		ZLLL	75.0	3605.0	1.01	0.99	-999.0	3.97	2003.0	http://www.stats.gov.cn/english/statisticaldata/yearlydata/yarbook2003_e.pdf	"For ""Gansu"""	42.522	0.0	Mountains	5900.60034340591		
104	Leicester	Leicester					United Kingdom	289600.0									73.32		3949.8090561920353			33821.068916774544		87.13512836676543		EGNX	6.0	2135.0	1.65	1.44	-999.0	2.68	2011.0	http://www.ons.gov.uk/ons/interactive/vp2-2011-census-comparator/index.html / http://www.nomisweb.co.uk/articles/658.aspx (Table H01 2011 Census: Number of households with at least one usual resident, local authorities in England and Wales)	Calculation: population/households (329839/123100)	79.007	0.0	River	37754.79109538884		
105	Leicestershire CC and Rutland	Leicestershire CC and Rutland					United Kingdom	673200.0									2465.0		273.1034482758621			13559.249292616105		125.45728225513595		EGNX	6.0	2135.0	1.65	1.44	-999.0			-999	-999	79.007	-999.0	-999	31576.949637021837		
106	Lincolnshire	Lincolnshire					United Kingdom	686400.0									5921.0		115.92636378990035			8920.305830260955		92.16678163486779		EGXW	5.0	2201.0	1.65	1.44	-999.0	2.32	2011.0	http://www.ons.gov.uk/ons/interactive/vp2-2011-census-comparator/index.html / http://www.nomisweb.co.uk/articles/658.aspx (Table H01 2011 Census: Number of households with at least one usual resident, local authorities in England and Wales)	Calculation: population/households (713653/307000)	79.007	1.0	-999	23698.456721925304		
107	Linköping	Linköping					Sweden	137636.0											2391.01139328005					99.68672440349908		ILINK_F6PI1	33.0	3295.0	1.52	1.38	-999.0	2.02	2011.0	http://www.ssd.scb.se/databaser/makro/start.asp?lang=2 	Calculation: population/households (147334/72750)	84.319	0.0	Near a lake	27663.676590405907		
108	Lisbon	Lisbon					Portugal	2000000.0									958.0		2087.6826722338205			64617.06697512385		48.65		08535	180.0	511.0	1.47	1.61	46.46	1.69	2011.0	http://www.ine.pt/xportal/xmain?xpid=INE&xpgid=ine_publicacoes&PUBLICACOESpub_boui=122103956&PUBLICACOESmodo=2	"Calculation: resident pop ""HM""/accomodations ""Alojamentos"" (545245/322585)"	57.575	1.0	-999	28602.74159088449		
109	Liverpool	Liverpool					United Kingdom	436200.0									111.84		3900.214592274678			41246.498095598545		83.17631344475079		EGGP	2.0	1916.0	1.65	1.44	-999.0	2.23	2004.0	http://www.urbanaudit.org	-999	79.007	-999.0	-999	32667.278954540798		
110	Ljubljana	Ljubljana					Slovenia	271000.0									163.8		1654.4566544566544			21174.45993072204		105.87		14015	134.0	2223.0	1.26	1.18	-999.0	2.5	2004.0	http://www.urbanaudit.org	-999	50.469	0.0	Mountains	25616.573233206196		
111	Greater London	London	London	London 	Greater London 	2003.0	United Kingdom	7556900.0	7007100.0	7364100.0	2003.0	8361000.0	7654000.0	8923000.0	1.001084824259128	1.00769968256599	1570.0	1570.0	4813.3121019108285	5907.0	4690.509554140127	190718.9508751816	185853.11783137594	74.4859511140291	6.3	EGLL	17.0	1810.0	1.65	1.44	79.17	2.47	2011.0	http://data.london.gov.uk/datastorefiles/documents/2011-census-first-results.pdf	-999	79.007	0.0	Major River	53144.87752163332	22362.9	53144.87752163332
112	Los Angeles	Los Angeles	Los Angeles	Los Angeles 	County 	2000.0	USA	9519338.0	9077853.0	9519338.0	2000.0	4046000.0	10883000.0	13223000.0	1.0199332153244565	1.00978535649184		10517.6	8225.0	2411.0	905.0865216399178		92821.46582948738	163.47304875831492	8.8	KCQT	202.0	371.0	0.78	0.56	55.73	2.98	2010.0	http://factfinder2.census.gov/faces/tableservices/jsf/pages/productview.xhtml?pid=DEC_10_DP_DPDP1&prodType=table	metro area	80.731	1.0	-999	51923.012230266446	28242.79	51923.012230266446
113	Luton	Luton					United Kingdom	187200.0									43.35		4318.339100346021			28432.25421215798		70.18700319046381		EGGW	7.0	2240.0	1.65	1.44	-999.0			-999	-999	79.007	-999.0	-999	35528.22183966861		
114	Lyon	Lyon	Lyon				France	1267086.0	1152259.0								954.19		1327.9179199111288	4742.0		41019.33940799769		135.85		LFLY	136.0	1760.0	1.45	1.52	-999.0	1.99	2009.0	http://www.recensement.insee.fr/home.action	Calculation: pop/household (479787/240595)	81.555	0.0	River, Mountains	39792.82151711553	41622.16	
115	Madrid	Madrid	Madrid				Spain	5720000.0	5181659.0										5390.0	8585.0				74.78810572027972		LEMD	381.0	1495.0	1.28	1.23	58.34	2.7	2004.0	http://www.urbanaudit.org	-999	76.701	0.0	-999	34725.03773115469	17568.39	
116	Manchester	Manchester	Manchester				United Kingdom	2553300.0	2578300.0										2001.018809	5157.0				89.65282454836378		EGCC	2.0	2227.0	1.65	1.44	-999.0	2.24	2004.0	http://www.urbanaudit.org	-999	79.007	0.0	Mountains	30938.221751722114	14491.27	
117	Mangaung	Mangaung 					South Africa	662063.0											120.0					27.000000000000004		FABL	283.0	1260.0	0.95	0.87	-999.0	3.71	2007.0	http://www.statssa.gov.za/community_new/content.asp?link=interactivedata.asp	Calculation: pop/household (752906/202762)	59.256	0.0	-999	7122.295112024385		
118	Mbeya	Mbeya					Tanzania	146991.0											47.5					25.2		Not enough data, no cities near enough . . .			1.3	1.11	-999.0	4.1	2002.0	http://www.nbs.go.tz/takwimu/references/2002popcensus.pdf	-999	24.192	0.0	Mountains	368.0		
119	Medway	Medway					United Kingdom	251800.0									192.03		1311.2534499817737			18170.680193801512		64.80612848273299		EGMC	13.0	1855.0	1.65	1.44	-999.0			-999	-999	79.007	1.0	-999	23200.60221899564		
120	Melbourne	Melbourne	Melbourne				Australia	3892419.0	3138147.0								2640.35		1474.2056924271403	1368.0		75751.08083130931		123.34489169845281		94868	177.0	685.0	0.94	0.74	49.93	2.7	2011.0	http://www.censusdata.abs.gov.au/census_services/getproduct/census/2011/quickstat/1GSYD?opendocument&navpos=220#householdcomposition	-999	88.182	1.0	-999	37077.79718335081	21475.54	
121	Mexico City	Mexico City		Mexico City 	City 	2000.0	Mexico	8669594.0		8669594.0	2000.0	2883000.0	15312000.0	20142000.0	1.0329301777633109	1.013802910187694	1485.0	1485.0	5838.1104377104375		5838.1104377104375	224975.65917696917	224975.65917696917	40.0053281534844	3.7	MMMX	113.0	487.0	0.54	0.74	43.33	3.9	2010.0	http://www3.inegi.org.mx/sistemas/mexicocifras/default.aspx?e=9	-999	76.308	0.0	Mountains	16813.599736191958		16813.599736191958
122	Milano	Milano (Milan)	Milan				Italy	3721428.0	2460000.0										2000.0	7664.0				108.35669323711222		LIML	263.0	1649.0	1.63	1.57	54.73	1.95	2004.0	http://www.urbanaudit.org	-999	67.588	0.0	Mountains	38940.59899445214	24971.84	
123	Milton Keynes	Milton Keynes					United Kingdom	224800.0											2525.842697					103.43648552130388		EGGW	7.0	2240.0	1.65	1.44	-999.0	2.52	2011.0	http://www.ons.gov.uk/ons/interactive/vp2-2011-census-comparator/index.html / http://www.nomisweb.co.uk/articles/658.aspx (Table H01 2011 Census: Number of households with at least one usual resident, local authorities in England and Wales)	Calculation: pop/household (248821/98600)	79.007	0.0	-999	50372.69506895306		
124	Minneapolis	Minneapolis		Minneapolis 	City 	2005.0	USA	378622.6779574728		387711.0	2005.0	996000.0	2087000.0	2802000.0	1.0173884740241272	1.0148393163948661	151.3	151.3	2502.4631722238782		2562.5313945803036	30781.314262996588	31520.177815553707	157.36223659400804	18.28	KMSP	193.0	3512.0	0.78	0.56	-999.0	2.53	2010.0	http://factfinder2.census.gov/faces/tableservices/jsf/pages/productview.xhtml?pid=DEC_10_DP_DPDP1&prodType=table	-999	80.731	0.0	-999	59580.91142860075		59580.91142860075
125	Monmouthshire and Newport	Monmouthshire and Newport					United Kingdom	227999.99999999997									1040.0		219.2307692307692			7069.979871584882		149.3239498146612		EGFF	0.0	1948.0	1.65	1.44	-999.0			-999	-999	79.007	-999.0	-999	34206.83949175867		
126	Moscow	Moskva (Moscow)					Russian Federation	8677177.0											4581.24					184.1282066736682		27612	94.0	3665.0	0.86	0.89	44.99	2.5	2010.0	http://www.perepis-2010.ru/results_of_the_census/results-inform.php	-999	72.93	0.0	-999	17377.53589613265		
127	Msunduzi	Msunduzi 					South Africa	562373.0									634.0		887.0236593059936			22334.68505161623		52.0		FADN	292.0	93.0	0.95	0.87	-999.0	4.58	2007.0	http://www.statssa.gov.za/community_new/content.asp?link=interactivedata.asp	Calculation: pop/household (616733/134390)	59.256	0.0	Mountains	5472.649602184845		
128	Nakuru	Nakuru					Kenya	95000.0											1413.690476					29.1		HKJK	177.0	71.0	1.14	1.2	-999.0	3.9	2009.0	http://www.knbs.or.ke/Population%20by%20Place%20of%20Residence,%20Sex,%20Number%20of%20Households,%20Area%20and%20Density.php	Calculation: pop/household (1603325/409836)	21.675	0.0	Near a small lake	803.9999999999999		
129	Nanchang	Nanchang					China	4839599.999999999									7372.0		656.4839934888766			56365.94658913098		42.58607130629218		ZSCN	756.0	974.0	1.01	0.99	-999.0	3.61	2003.0	http://www.stats.gov.cn/english/statisticaldata/yearlydata/yarbook2003_e.pdf	"For ""Jiangxi"""	42.522	0.0	Mountains, Large River	7090.736905168897		
130	Nanjing, Jiangsu	Nanjing, Jiangsu					China	6072300.0									6598.0		920.3243407093058			74756.17361856558		69.22249584109204		ZSNJ	514.0	1466.0	1.01	0.99	-999.0	3.61	2003.0	http://www.stats.gov.cn/english/statisticaldata/yearlydata/yarbook2003_e.pdf	"For ""Jiangxi"""	42.522	0.0	Large River	13240.537094604444		
131	Nanning	Nanning					China	6718900.0											300.0					23.27200848363017		ZGNN	808.0	350.0	1.01	0.99	-999.0	3.67	2003.0	http://www.stats.gov.cn/english/statisticaldata/yearlydata/yarbook2003_e.pdf	"For ""Guangxi"""	42.522	0.0	Large River	3753.892299592848		
132	Nelson Mandela	Nelson Mandela 					South Africa	1013883.0									1959.0		517.551301684533			22907.1269784279		30.0		FAJS	114.0	668.0	0.95	0.87	-999.0	3.79	2007.0	http://www.statssa.gov.za/community_new/content.asp?link=interactivedata.asp	Calculation: pop/household (1050934/276880)	59.256	1.0	-999	8942.071352362253		
133	New York City	New York	New York	New York City 	City 	2005.0	USA	8170000.000000001	19227361.0	8170000.0	2005.0	12338000.0	16086000.0	20104000.0	1.0081704452093307	1.0112108494025054	1213.4	1213.4	6733.146530410418	1803.9999999999998	6733.146530410417	234541.69598059342	234541.6959805934	128.06656927409378	7.7	KNYNEWYO17	286.0	1930.0	0.78	0.56	72.77	2.67	2010.0	http://factfinder2.census.gov/faces/tableservices/jsf/pages/productview.xhtml?pid=DEC_10_DP_DPDP1&prodType=table	metro area	80.731	1.0	-999	60483.934468726584	34395.3	60483.934468726584
134	Ningbo	Ningbo					China	5604500.0									9816.0		570.9555827220864			56567.84036328356		72.18818632786707		ZSHC	651.0	1146.0	1.01	0.99	-999.0	2.93	2003.0	http://www.stats.gov.cn/english/statisticaldata/yearlydata/yarbook2003_e.pdf	"For ""Zhejiang"""	42.522	1.0	-999	14866.328071800392		
135	Norfolk	Norfolk					United Kingdom	832900.0									5371.0		155.07354310184323			11364.891290704247		97.10371715145773		EGSH	12.0	1997.0	1.65	1.44	-999.0	2.45	2010.0	http://factfinder2.census.gov/faces/tableservices/jsf/pages/productview.xhtml?pid=DEC_10_SF1_QTP11&prodType=table	-999	79.007	1.0	-999	28403.011299532332		
136	Norrköping	Norrköping					Sweden	124642.0											2251.6822428974					279.2535902825693		ESSP	15.0	3254.0	1.52	1.38	-999.0	2.05	2011.0	http://www.ssd.scb.se/databaser/makro/start.asp?lang=2 	Calculation: population/households (130623/63662)	84.319	1.0	-999	27663.67659040591		
137	North and North East Lincolnshire	North and North East Lincolnshire					United Kingdom	317700.0									1038.1		306.03988055100666			9860.470072519607		380.4096585144284		EGXW	5.0	2201.0	1.65	1.44	-999.0	2.33	2011.0	http://www.ons.gov.uk/ons/interactive/vp2-2011-census-comparator/index.html / http://www.nomisweb.co.uk/articles/658.aspx (Table H01 2011 Census: Number of households with at least one usual resident, local authorities in England and Wales)	Calculation: population of NL / Household size (167446/70700=2.37) + population of NEL / Household size (159616/69700=2.29) divided by 2 (2.37+2.29/2)	79.007	1.0	-999	29669.357466490044		
138	North Lanarkshire	North Lanarkshire					United Kingdom	323900.0									470.0		689.1489361702128			14940.392914027792		98.28179757823078		EGPF	0.0	2418.0	1.65	1.44	-999.0			-999	-999	79.007	-999.0	-999	26862.54648142757		
139	North Nottinghamshire	North Nottinghamshire					United Kingdom	438600.0											255.6					106.510854508389		03354	5.0	2234.0	1.65	1.44	-999.0			-999	-999	79.007	-999.0	-999	26315.414967011635		
140	North Yorkshire CC	North Yorkshire CC					United Kingdom	591500.0											125.0					129.9146400124241		EGNV	2.0	2263.0	1.65	1.44	-999.0	2.33	2011.0	http://www.ons.gov.uk/ons/interactive/vp2-2011-census-comparator/index.html / http://www.nomisweb.co.uk/articles/658.aspx (Table H01 2011 Census: Number of households with at least one usual resident, local authorities in England and Wales)	Calculation: population/households (598376/256600)	79.007	1.0	-999	27979.5438245807		
141	Northamptonshire	Northamptonshire					United Kingdom	669000.0									2364.0		282.994923857868			13759.491417233185		118.37140730739806		EGGW	7.0	2240.0	1.65	1.44	-999.0	2.4	2011.0	http://www.ons.gov.uk/ons/interactive/vp2-2011-census-comparator/index.html / http://www.nomisweb.co.uk/articles/658.aspx (Table H01 2011 Census: Number of households with at least one usual resident, local authorities in England and Wales)	Calculation: population/households (691952/287700)	79.007	0.0	River	34833.14663377106		
142	Nottingham	Nottingham					United Kingdom	286200.0									74.61		3835.946924004825			33133.789545570864		82.44611495817891		03354	5.0	2234.0	1.65	1.44	-999.0	2.21	2004.0	http://www.urbanaudit.org	-999	79.007	-999.0	-999	45590.33764903078		
143	Örebro	Örebro					Sweden	127733.0											2111.30108358509					104.10677585275536		ESOK	13.0	3554.0	1.52	1.38	-999.0	2.01	2011.0	http://www.ssd.scb.se/databaser/makro/start.asp?lang=2 	Calculation: population/households (137121/67928)	84.319	0.0	-999	28630.093239852402		
144	Oslo	Oslo	Oslo				Norway	549000.0	917852.0								454.03		1209.1712001409599	2396.0		25764.99541776375		94.78		01492	16.0	3401.0	1.63	1.63	-999.0	1.87	2004.0	http://www.urbanaudit.org	-999	77.49	1.0	-999	37972.187210232405	39066.71	
145	Outer Belfast	Outer Belfast					United Kingdom	377800.0											255.6					62.60750486399822		EGAA	0.0	2355.0	1.65	1.44	-999.0			-999	-999	79.007	-999.0	-999	22444.64790842958		
146	Oxfordshire	Oxfordshire					United Kingdom	632200.0									2605.0		242.68714011516315			12386.557632401591		113.530530571409		EGVN	6.0	2081.0	1.65	1.44	-999.0			-999	-999	79.007	-999.0	-999	42645.398608241725		
147	Paris	Paris	Paris				France	11490968.0	11004254.0								17175.0		669.0519941775837	4762.0		87681.55481873483		91.37800626622492		I75003PA1	71.0	1481.0	1.45	1.52	63.87	1.75	? (2006?)	http://www.paris.fr/english/presentation-of-the-city/demographics-a-cosmopolitan-city/rub_8125_stand_29896_port_18748	-999	81.555	0.0	-999	46691.742839339095	41304.98	
148	Peterborough, UK	Peterborough					United Kingdom	163200.0									343.38		475.27520531189936			8807.094498579085		99.20748844092445		EGXT	6.0	2187.0	1.65	1.44	-999.0	2.48	2011	http://www.ons.gov.uk/ons/interactive/vp2-2011-census-comparator/index.html / http://www.nomisweb.co.uk/articles/658.aspx (Table H01 2011 Census: Number of households with at least one usual resident, local authorities in England and Wales)	Calculation: population/households (183631/74000)	79.007	0.0	River	45831.01178138815		
149	Plymouth	Plymouth					United Kingdom	248199.99999999997									79.29		3130.281246058771			27873.568219224944		71.11631644906245		EGDB	0.0	1791.0	1.65	1.44	-999.0	2.14	2011	http://www.ons.gov.uk/ons/interactive/vp2-2011-census-comparator/index.html / http://www.nomisweb.co.uk/articles/658.aspx (Table H01 2011 Census: Number of households with at least one usual resident, local authorities in England and Wales)	Calculation: population/households (137121/67928)	79.007	1.0	-999	28545.114276180542		
150	Portland, OR	Portland		Portland	City 	2005.0	USA	443829.15869020467		682835.0	2005.0	516000.0	1181000.0	2025000.0	1.0230485765331967	1.0273271281943768		376.5	1689.0		1813.6387782204515		35191.1357464655	114.38843936295784	12.26	KPDX	102.0	1874.0	0.78	0.56	-999.0	2.52	2010.0	http://factfinder2.census.gov/faces/tableservices/jsf/pages/productview.xhtml?pid=DEC_10_DP_DPDP1&prodType=table	metro area	80.731	0.0	Major River Junction	50768.92480634707		50768.92480634707
151	Portsmouth	Portsmouth					United Kingdom	196400.00000000003									40.25		4879.503105590063			30956.97675707188		73.9460636774214		EGHI	2.0	2075.0	1.65	1.44	-999.0	2.29	2004	http://www.urbanaudit.org	-999	79.007	-999.0	-999	36288.07015088917		
152	Potchefstroom	Potchefstroom 					South Africa	129074.99999999999											800.0					34.00000000000001		FAJS	114.0	668.0	0.95	0.87	-999.0	3.5	2007	http://www.statssa.gov.za/community_new/content.asp?link=interactivedata.asp	Calculation: pop/household (124349/35524)	59.256	0.0	River	7779.0592034835345		
153	Prague	Praha (Prague)	Prague	Prague 	Greater Prague 	2005.0	Czech Republic	1200000.0	1212655.0	1181610.0	2005.0	935000.0	1212000.0	1265000.0	1.0050507266654307	1.0021423031860048	496.0	496.0	2419.3548387096776	4879.0	2382.2782258064517	53881.59060803247	53055.85523196438	67.19	7.9	LKPR	49.0	2751.0	1.45	1.37	45.5	2.34	2011.0	http://www.czso.cz/sldb2011/eng/redakce.nsf/i/final_census_results	Calculation: population/households (1268787/542168)	73.698	0.0	-999	24816.241270403352	9144.7	24816.241270403352
154	Qingdao	Qingdao					China	7493800.0									11026.0		679.6481044803193			71366.28731659379		94.67734601970184		ZSQD	286.0	2040.0	1.01	0.99	-999.0	3.12	2003	http://www.stats.gov.cn/english/statisticaldata/yearlydata/yarbook2003_e.pdf	"For ""Shandong"""	42.522	1.0	-999	12403.001347314761		
155	Riga	Riga					Latvia	717000.0									307.17		2334.2123254224043			40910.02612230728		69.18		EVRA	32.0	3337.0	1.23	1.12	-999.0	2.18	2009	http://www.csb.gov.lv/en/dati/statistics-database-30501.html	Calculation: pop/household (713016/325737)	68.0	1.0	-999	18384.82518765685		
156	Rio de Janeiro	Rio de Janiero	Rio de Janeiro	Rio de Janeiro 	City 	1998.0	Brazil	6823921.460076046	10192097.0	5633407.0	1998.0	2950000.0	9595000.0	11867000.0	1.0234704673536932	1.0106826215294766	1260.0	1260.0	5415.810682600037	5814.0	4470.957936507936	192242.20853055004	158703.26315558027	22.972598373889003	1.0	SBRJ	597.0	0.0	1.03	1.26	35.91	2.94	2010.0	http://www.ibge.gov.br/cidadesat/topwindow.htm?1	Calculation: population/households (6320446/2144445)	82.834	1.0	-999	12293.562959651743	8726.56	12293.562959651743
157	Roma	Roma (Rome)	Rome				Italy	2802500.0	2654187.0								1285.31		2180.4078393539303	5581.0		78170.2818837785		60.330589022304366		LIRA	309.0	1085.0	1.63	1.57	45.99	2.41	2004	http://www.urbanaudit.org	-999	67.588	0.0	Near coast, not on - small river	36732.909341985185	25542.22	
158	Saldanha	Saldanha 					South Africa	79315.0									1766.0		44.91223103057758			1887.382739189447		374.0		FACT	131.0	461.0	0.95	0.87	-999.0	3.8	2007	http://www.statssa.gov.za/community_new/content.asp?link=interactivedata.asp	Calculation: pop/household (78985/20785)	59.256	1.0	-999	9722.186869762536		
159	Sao Paulo	Sao Paulo	Sao Paulo	Sao Paulo 	City 	2000.0	Brazil	10434252.0	16562227.0	10434252.0	2000.0	2334000.0	14776000.0	19649000.0	1.0361452967961176	1.0143531413572517	1522.986	1522.986	6851.180509866801	7765.999999999999	6851.180509866801	267370.4245750429	267370.4245750429	22.972598373889003	0.9	SBSP	256.0	120.0	1.03	1.26	42.7	3.14	2010.0	http://www.ibge.gov.br/cidadesat/topwindow.htm?1	Calculation: population/households	82.834	0.0	Near coast and not on	12273.046148780848	5319.33	12273.046148780848
160	Seattle	Seattle		Seattle 	City 	2005.0	USA	405147.20688789996		575732.0	2005.0	795000.0	2206000.0	3298000.0	1.023995524983453	1.0203102678062106		369.2	2858.0		1559.404117009751		29963.291726615385	154.19601714321848	13.5	KBFI	42.0	1917.0	0.78	0.56	-999.0	2.49	2010.0	http://factfinder2.census.gov/faces/tableservices/jsf/pages/productview.xhtml?pid=DEC_10_DP_DPDP1&prodType=table	-999	80.731	1.0	-999	62472.08565881372		62472.08565881372
161	Sedibeng	Sedibeng 					South Africa	883772.0									4173.0		211.78336927869637			13680.943382463509		191.99999999999997		FAJS	114.0	668.0	0.95	0.87	-999.0	3.37	2007	http://www.statssa.gov.za/community_new/content.asp?link=interactivedata.asp	Same as for Johannesburg	59.256	0.0	-999	5357.896799821641		
162	Sefton	Sefton					United Kingdom	277600.0									153.1		1813.1939908556499			22435.299237173735		67.29584627108454		03316	2.0	1969.0	1.65	1.44	-999.0	2.32	2011	http://www.ons.gov.uk/ons/interactive/vp2-2011-census-comparator/index.html / http://www.nomisweb.co.uk/articles/658.aspx (Table H01 2011 Census: Number of households with at least one usual resident, local authorities in England and Wales)	Calculation: pop/household (273790/117900)	79.007	0.0	-999	21268.886258369203		
163	Shanghai	Shanghai	Shanghai	Shanghai 	Shanghai Government Administered Area (Province) 	2006.0	China	14502576.0	9570000.0	18150000.0	2006.0	4301000.0	7823000.0	19554000.0	1.0255600687717372	1.046870866723442		6340.5	3700.0	19631.0	2862.550272060563		227937.02515804497	140.53883158386188	10.9	ZSSS	601.0	1147.0	1.01	0.99	52.89	2.89	2003.0	http://www.stats.gov.cn/english/statisticaldata/yearlydata/yarbook2003_e.pdf	Section 4-5	42.522	1.0	-999	9584.504159812714	2474.12	15300.0
164	Sheffield	Sheffield					United Kingdom	526100.0									367.94		1429.8526933739197			27427.09430442859		88.75419232558004		EGCC	2.0	2227.0	1.65	1.44	-999.0	2.3	2004	http://www.urbanaudit.org	-999	79.007	-999.0	-999	30420.68121899431		
165	Shenyang	Shenyang					China	7035600.0									12942.0		543.6254056560037			61844.40883405208		107.24381083876533		ZYYY	198.0	3642.0	1.01	0.99	-999.0	3.14	2003	http://www.stats.gov.cn/english/statisticaldata/yearlydata/yarbook2003_e.pdf	"For ""Liaoning"""	42.522	0.0	River, Mountains	10380.615259849752		
166	Shenzhen	Shenzhen					China	7233375.0											5100.0					94.40970309134315		ZGSZ	1074.0	142.0	1.01	0.99	40.04	3.65	2003	http://www.stats.gov.cn/english/statisticaldata/yearlydata/yarbook2003_e.pdf	"For ""Guangdong"""	42.522	1.0	-999	23296.36526792619		
167	Shijiazhuang	Shijiazhuang					China	9395000.0									15722.0		597.5702836789212			74927.78400008548		69.40756676130921		ZBSJ	367.0	2395.0	1.01	0.99	-999.0	3.28	2003	http://www.stats.gov.cn/english/statisticaldata/yearlydata/yarbook2003_e.pdf	"For ""Hubei"""	42.522	0.0	Mountains	6252.661542350882		
168	Shinayanga	Shinayanga					Tanzania	55380.0											47.5					14.9		Only 22 month of data (same for all neighboring cities in the country)			1.3	1.11	-999.0	6.2	2002	http://www.nbs.go.tz/takwimu/references/2002popcensus.pdf	-999	24.192	0.0	Mountains	393.99999999999994		
169	Shropshire CC	Shropshire CC					United Kingdom	289300.0											136.0					99.1805948922072		EGOS	2.0	2234.0	1.65	1.44	-999.0	2.36	2011	http://www.ons.gov.uk/ons/interactive/vp2-2011-census-comparator/index.html / http://www.nomisweb.co.uk/articles/658.aspx (Table H01 2011 Census: Number of households with at least one usual resident, local authorities in England and Wales)	Calculation: population/households (306129/129700)	79.007	0.0	-999	24356.077505220554		
170	Singapore	Singapore	Singapore				Singapore	4327468.0	2986500.0								710.0		6095.025352112676	9353.0		162406.98005460337		158.36911838516195		WSAP	1876.0	0.0	0.9	1.07	66.16	3.5	2010	http://www.singstat.gov.sg/stats/themes/people/hhldindicators.pdf	-999	100.0	1.0	-999	29809.579181174766	28577.93	
171	Skåne county	Skane county					Sweden	1169464.0									11027.0		106.05459327106193			11136.742291404124		123.42677807953044		ESMS	9.0	2838.0	1.52	1.38	-999.0			-999	-999	84.319	-999.0	-999	28871.697402214028		
172	Sofia	Sofia					Bulgaria	1200000.0									492.0		2439.0243902439024			54100.17808004594		80.71		1661	197.0	2407.0	1.37	1.28	-999.0	1.38		http://www.nsi.bg/otrasalen.php?otr=45&a1=1902&a2=1903#cont and http://www.nsi.bg/otrasalen.php?otr=53&a1=1583&a2=1584&a3=1585#cont	Calculation: pop/household (245616/177065)	70.179	0.0	Mountains	12846.964369452307		
173	Sol Plaatje	Sol Plaatje 					South Africa	196846.0									3145.0		62.59014308426073			3510.073974372105		32.0		RKSS	239.0	2449.0	0.95	0.87	-999.0	4.66	2007	http://www.statssa.gov.za/community_new/content.asp?link=interactivedata.asp	Calculation: pop/household (243015/52120)	59.256	0.0	small lake	9053.624517178781		
174	Somerset	Somerset					United Kingdom	519000.0									3451.0		150.39119095914228			8834.762481685337		106.96312726392982		EGGD	1.0	2229.0	1.65	1.44	-999.0	2.33	2011	http://www.ons.gov.uk/ons/interactive/vp2-2011-census-comparator/index.html / http://www.nomisweb.co.uk/articles/658.aspx (Table H01 2011 Census: Number of households with at least one usual resident, local authorities in England and Wales)	Calculation: pop/household (529972/227000)	79.007	1.0	-999	29479.77309120766		
175	South and West Derbyshire	South and West Derbyshire					United Kingdom	482000.0											388.0					135.6462087368354		03354	5.0	2234.0	1.65	1.44	-999.0			-999	-999	79.007	-999.0	-999	27621.932945784465		
176	South Ayrshire	South Ayrshire					United Kingdom	111700.0									1222.0		91.40752864157119			3195.34363555213		109.38827033008589		EGPK	0.0	2241.0	1.65	1.44	-999.0			-999	-999	79.007	-999.0	-999	28750.134689160554		
177	South Lanarkshire	South Lanarkshire					United Kingdom	307800.0									1772.0		173.70203160270881			7312.009664060475		94.35065385554832		EGPF	0.0	2418.0	1.65	1.44	-999.0			-999	-999	79.007	-999.0	-999	29245.100663218844		
178	South Nottinghamshire	South Nottinghamshire					United Kingdom	330500.0											505.0					85.5279211619086		03354	5.0	2234.0	1.65	1.44	-999.0			-999	-999	79.007	-999.0	-999	23644.293596115334		
179	Southampton	Southampton					United Kingdom	228800.0									51.81		4416.135881104034			31786.97672941865		70.93727727938757		EGHH	2.0	1981.0	1.65	1.44	-999.0	2.4	2011	http://www.ons.gov.uk/ons/interactive/vp2-2011-census-comparator/index.html / http://www.nomisweb.co.uk/articles/658.aspx (Table H01 2011 Census: Number of households with at least one usual resident, local authorities in England and Wales)	Calculation: pop/household (236882/98300)	79.007	0.0	Estuary	36986.40448824357		
180	Southend-on-Sea	Southend-on-Sea					United Kingdom	160200.0									41.76		3836.206896551724			24790.327646636426		77.21591964733327		EGMC	11.0	1855.0	1.65	1.44	-999.0	2.32	2011	http://www.ons.gov.uk/ons/interactive/vp2-2011-census-comparator/index.html / http://www.nomisweb.co.uk/articles/658.aspx (Table H01 2011 Census: Number of households with at least one usual resident, local authorities in England and Wales)	Calculation: pop/household (173658/74700)	79.007	1.0	-999	26755.92912632688		
181	Staffordshire CC	Staffordshire CC					United Kingdom	823100.0									2620.0		314.1603053435114			16080.589147423807		116.00734806800027		ISTAFFOR7	3.0	2098.0	1.65	1.44	-999.0	2.38	2011	http://www.ons.gov.uk/ons/interactive/vp2-2011-census-comparator/index.html / http://www.nomisweb.co.uk/articles/658.aspx (Table H01 2011 Census: Number of households with at least one usual resident, local authorities in England and Wales)	Calculation: pop/household (848489/355300)	79.007	0.0	-999	25743.175755151067		
182	Stockholm	Stockholm county	Stockholm				Sweden	1889945.0	1725756.0								6488.0		291.29855117139334	2903.0		23463.55131461602		70.40807367410163		ESSB	18.0	3210.0	1.52	1.38	56.67	1.93	2011	http://www.ssd.scb.se/databaser/makro/start.asp?lang=2 	Calculation: population/households (863110/445676)	84.319	1.0	Marshland?	45421.58252398524	33437.69	
183	Stoke-on-Trent	Stoke-on-Trent					United Kingdom	239400.0									92.74		2581.410394651715			24859.397588831886		88.61575155275997		EGOS	2.0	2234.0	1.65	1.44	-999.0	2.26	2004	http://www.urbanaudit.org	-999	79.007	-999.0	-999	25911.808691011855		
184	Suffolk	Suffolk					United Kingdom	702400.0									3798.0		184.93944181147972			11397.432339276393		94.58070279336353		EGUW	7.0	2219.0	1.65	1.44	-999.0	2.34	2011	http://www.ons.gov.uk/ons/interactive/vp2-2011-census-comparator/index.html / http://www.nomisweb.co.uk/articles/658.aspx (Table H01 2011 Census: Number of households with at least one usual resident, local authorities in England and Wales)	Calculation: population/households (728163/310700)	79.007	1.0	-999	29315.72059688906		
185	Sunderland	Sunderland					United Kingdom	280600.0											255.6					89.31439988801507		EGNT	0.0	2443.0	1.65	1.44	-999.0	2.3	2011	http://www.ons.gov.uk/ons/interactive/vp2-2011-census-comparator/index.html / http://www.nomisweb.co.uk/articles/658.aspx (Table H01 2011 Census: Number of households with at least one usual resident, local authorities in England and Wales)	Calculation: population/households (275506/119800)	79.007	1.0	-999	30801.619722212312		
186	Sundsvall	Sundsvall					Sweden	94044.0											1238.02779374596					305.19401556718134		ESNN	5.0	4255.0	1.52	1.38	-999.0	2.02	2011	http://www.ssd.scb.se/databaser/makro/start.asp?lang=2 	Calculation: population/households (96113/47456)	84.319	1.0	-999	26576.457859778595		
187	Surrey	Surrey					United Kingdom	1086000.0									1663.0		653.0366806975346			26630.76858142706		103.90698978415246		EGKK	11.0	2009.0	1.65	1.44	-999.0	2.48	2011	http://www.ons.gov.uk/ons/interactive/vp2-2011-census-comparator/index.html / http://www.nomisweb.co.uk/articles/658.aspx (Table H01 2011 Census: Number of households with at least one usual resident, local authorities in England and Wales)	Calculation: population/households (1132390/455800)	79.007	0.0	River	40810.10840664144		
188	Swansea	Swansea					United Kingdom	227200.0									378.0		601.058201058201			11685.907037129095		91.83455158338008		EGOP	0.0	1944.0	1.65	1.44	-999.0	2.3	2011	http://www.ons.gov.uk/ons/interactive/vp2-2011-census-comparator/index.html / http://www.nomisweb.co.uk/articles/658.aspx (Table H01 2011 Census: Number of households with at least one usual resident, local authorities in England and Wales)	Calculation: population/households (239023/103500)	79.007	1.0	-999	26986.155202689843		
189	Swindon	Swindon					United Kingdom	186800.0											255.6					116.0034841116193		EGDL	2.0	2217.0	1.65	1.44	-999.0	2.37	2011	http://www.ons.gov.uk/ons/interactive/vp2-2011-census-comparator/index.html / http://www.nomisweb.co.uk/articles/658.aspx (Table H01 2011 Census: Number of households with at least one usual resident, local authorities in England and Wales)	Calculation: population/households (209156/88400)	79.007	0.0	-999	51302.130815599		
190	Sydney	Sydney	Sydney				Australia	4399000.0	3741290.0								12144.6		362.21859921281884	1893.0		39917.40996028162		215.95817231188906		94768	140.0	335.0	0.94	0.74	58.33	2.7	2011	http://www.censusdata.abs.gov.au/census_services/getproduct/census/2011/quickstat/1GSYD?opendocument&navpos=220#householdcomposition	-999	88.182	1.0	-999	40378.326135270676	22397.32	
191	Taiyuan, Shanxi	Taiyuan, Shanxi					China	3488200.0											600.0					151.41365923148288		ZBYN	277.0	2683.0	1.01	0.99	-999.0	3.61	2003	http://www.stats.gov.cn/english/statisticaldata/yearlydata/yarbook2003_e.pdf	"For ""Shanxi"""	42.522	0.0	Mountains	8423.114130960414		
192	Tallinn	Tallinn					Estonia	398000.0									159.2		2500.0			31543.62059117501		89.55999999999999		EETN	19.0	3554.0	1.3	1.18	-999.0	2.32	2004	http://www.urbanaudit.org	-999	69.425	-999.0	-999	26360.37617261404		
193	Telford and Wrekin	Telford and Wrekin					United Kingdom	161800.0											255.6					101.68957124915984		EGOS	2.0	2234.0	1.65	1.44	-999.0			-999	-999	79.007	-999.0	-999	32643.880270835252		
194	Thurrock	Thurrock					United Kingdom	148800.0									163.38		910.7601909658465			11641.353719208002		329.6720218504694		EGMC	11.0	1855.0	1.65	1.44	-999.0	2.52	2011	-999	Calculation: pop/household (157705/62400)	79.007	0.0	Estuary	28024.226404398727		
195	Tianjin	Tianjin		Tianjin 	Tianjin Government Administered Area (Province) 	2006.0	China	7039516.000000001		10750000.0	2006.0	2467000.0	4558000.0	8535000.0	1.0209016512582392	1.0318616224246837	5606.9	11760.0	1255.5094615562969		914.1156462585034	94011.5894067159	99129.93088507079	139.71691170245228	10.8	54527	424.0	2315.0	1.01	0.99	-999.0	3.07	2003.0	http://www.stats.gov.cn/english/statisticaldata/yearlydata/yarbook2003_e.pdf	-999	42.522	1.0	-999	6392.484937884934		6392.484937884934
196	Tokyo	Tokyo		Tokyo 	Tokyo Metropolitan Government Administered Areas (Tokyo-to)   	2006.0	Japan	12790000.0		12677921.0	2006.0	11275000.0	32530000.0	36933000.0	1.0199721193130113	1.006367321744709	2187.66	2187.66	5846.42951829809		5795.197151294077	273451.70238825097	271055.44020279567	59.78107896794371	4.4	RJTD	392.0	1065.0	1.3	1.42	66.6	2.05	2010.0	http://www.stat.go.jp/data/nenkan/pdf/yhyou02.pdf	-999	85.978	1.0	-999	33714.0473017425		41300.0
197	Torino	Torino (Turin)					Italy	2121223.0											340.0					93.46991108431315		LIMK	44.0	1954.0	1.63	1.57	-999.0	2.06	2004	http://www.urbanaudit.org	-999	67.588	0.0	Mountains	34933.44576281395		
198	Toronto	Toronto	Toronto	Toronto 	Greater Toronto Area 	2005.0	Canada	5555912.0	4628883.0	5555912.0	2005.0	1068000.0	3807000.0	5485000.0	1.0276457322656996	1.0184264915308539	7125.0	7125.0	779.7771228070176	2553.0	779.7771228070176	65820.76476256548	65820.76476256548	162.91575597309676	9.8	CXTO	103.0	2819.0	0.9	0.76	58.16	2.8	2006.0	http://www12.statcan.gc.ca/census-recensement/2006/dp-pd/tbt/Rp-eng.cfm?TABID=1&LANG=E&APATH=3&DETAIL=0&DIM=0&FL=A&FREE=0&GC=001&GID=761292&GK=10&GRP=1&PID=89047&PRID=0&PTYPE=88971,97154&S=0&SHOWALL=0&SUB=0&Temporal=2006&THEME=69&VID=0&VNAMEE=&VNAMEF=&D1=	-999	80.122	1.0	-999	41507.521401198595	19455.68	41507.521401198595
199	Pretoria Tshwane	Tshwane 					South Africa	1678806.0											460.0					55.0		FAPR	331.0	508.0	0.95	0.87	-999.0	3.41	2007	http://www.statssa.gov.za/community_new/content.asp?link=interactivedata.asp	Calculation: pop/household (2345909/686639)	59.256	0.0	-999	16714.05951194424		
200	Tyneside	Tyneside					United Kingdom	807000.0											255.6					91.5725904608103		EGNT	0.0	2443.0	1.65	1.44	-999.0			-999	-999	79.007	0.0	By a river to the coast	32205.45320054392		
201	Umeå	Umeå					Sweden	110758.0											2140.9525185411					173.3465754166742		ESNU	4.0	4388.0	1.52	1.38	-999.0	1.99	2011	http://www.ssd.scb.se/databaser/makro/start.asp?lang=2 	Calculation: population/households (116465/58238)	84.319	1.0	River to the coast	28630.0932398524		
202	uMhlatuze	uMhlatuze					South Africa	360002.0											453.9747793					167.0		FADN	292.0	93.0	0.95	0.87	-999.0	4.1	2007	http://www.statssa.gov.za/community_new/content.asp?link=interactivedata.asp	Calculation: pop/household (332154/81005)	59.256	1.0	-999	9967.929741856327		
203	Uppsala	Uppsala					Sweden	183308.0											2879.0					90.13146398411418		ESSA	22.0	3364.0	1.52	1.38	-999.0	2.08	2011	http://www.ssd.scb.se/databaser/makro/start.asp?lang=2 	Calculation: population/households (200001/96040)	84.319	0.0	-999	29958.91613284133		
204	Ürümqi (Wulumqi)	Ürümqi (Wulumqi)					China	2018400.0											210.0					110.26686075327218		51463	238.0	3700.0	1.01	0.99	-999.0	3.5	2003	http://www.stats.gov.cn/english/statisticaldata/yearlydata/yarbook2003_e.pdf	"For ""Xinjiang"""	42.522	0.0	Mountains	9396.319022702255		
205	Västra Götaland county	Västra Götaland county					Sweden	1528455.0									23945.0		63.83190645228649			9877.45901416602		38.94568515265415		ILINK_F6PI1	33.0	3295.0	1.52	1.38	-999.0	2.13	2011	http://www.ssd.scb.se/databaser/makro/start.asp?lang=2 	Calculation: population/households (1590604/746392)	84.319	0.0	-999	32133.353594095945		
206	Växjö	Växjö					Sweden	77363.0											1795.15149119409					108.4780890089578		ESMX	17.0	3226.0	1.52	1.38	-999.0	2.04	2011	http://www.ssd.scb.se/databaser/makro/start.asp?lang=2 	Calculation: population/households (83710/40931)	84.319	0.0	-999	28026.082833948338		
207	Vienna	Vienna	Vienna				Austria	1678435.0	1592596.0								414.65		4047.83552393585	6939.0		82425.89894940345		80.45566256661712		11035	99.0	2230.0	1.43	1.37	52.52	2.0	2004	http://www.urbanaudit.org	-999	66.534	0.0	Mountains, River	41069.08570941547	39316.43	
208	Vilnius	Vilnius					Lithuania	554000.0									401.0		1381.5461346633417			27665.439786916297		62.86999999999999		EYVI	35.0	3401.0	1.22	1.13	-999.0			lithuania	-999	66.635	0.0	-999	16014.573154077183		
209	Warwickshire	Warwickshire					United Kingdom	522500.0									1975.0		264.55696202531647			11757.16856467695		143.13421084653157		03535	5.0	2213.0	1.65	1.44	-999.0	2.36	2011	http://www.ons.gov.uk/ons/interactive/vp2-2011-census-comparator/index.html / http://www.nomisweb.co.uk/articles/658.aspx (Table H01 2011 Census: Number of households with at least one usual resident, local authorities in England and Wales)	Calculation: population/households (545574/231000 )	79.007	0.0	Rivers	34867.308928247294		
210	West Cumbria	West Cumbria					United Kingdom	236400.0											74.0					109.6636535952735		EGNV	2.0	2263.0	1.65	1.44	-999.0			-999	-999	79.007	-999.0	-999	23818.37859141391		
211	West Lothian	West Lothian					United Kingdom	165700.0									427.0		388.05620608899295			8018.785029475857		104.7311227233102		EGPH	0.0	2483.0	1.65	1.44	-999.0			-999	-999	79.007	-999.0	-999	34139.889054326406		
212	West Sussex	West Sussex					United Kingdom	771100.0									1991.0		387.292817679558			17281.24682170552		89.80681730709708		EGLF	9.0	2078.0	1.65	1.44	-999.0			-999	-999	79.007	-999.0	-999	35963.63275448751		
213	Wiltshire CC	Wiltshire CC					United Kingdom	449200.0									3485.0		128.89526542324248			7609.188736529047		116.38999043027285		EGDM	4.0	2139.0	1.65	1.44	-999.0	2.42	2011	http://www.ons.gov.uk/ons/interactive/vp2-2011-census-comparator/index.html / http://www.nomisweb.co.uk/articles/658.aspx (Table H01 2011 Census: Number of households with at least one usual resident, local authorities in England and Wales)	Calculation: population/households (470981/194200)	79.007	0.0	-999	29634.261225665112		
214	Wirral	Wirral					United Kingdom	311200.0									157.0		1982.1656050955414			24836.463844632402		79.6002834105455		EGGP	2.0	1916.0	1.65	1.44	-999.0	2.28	2004	http://www.urbanaudit.org	-999	79.007	-999.0	-999	19717.171822460252		
215	Worcestershire	Worcestershire					United Kingdom	553000.0									1741.0		317.6335439402642			13253.352398505296		110.83791515465239		IWORCEST9	3.0	2211.0	1.65	1.44	-999.0	2.31	2004	http://www.urbanaudit.org	-999	79.007	-999.0	-999	28731.04514656381		
216	Wuhan	Wuhan					China	8188400.0											1200.0					75.6383057129752		ZHHH	612.0	1203.0	1.01	0.99	-999.0	3.52	2003	http://www.stats.gov.cn/english/statisticaldata/yearlydata/yarbook2003_e.pdf	"For ""Hebei"""	42.522	0.0	Large River	9170.952064053905		
217	Xiamen	Xiamen					China	1603800.0											2100.0					103.24764649301902		ZSAM	874.0	228.0	1.01	0.99	-999.0	3.22	2003	http://www.stats.gov.cn/english/statisticaldata/yearlydata/yarbook2003_e.pdf	"For ""Fujian"""	42.522	1.0	-999	21109.986615621736		
218	Xi'an, Shaanxi	Xi'an, Shaanxi					China	7531100.000000001											850.0					42.48141388986095		ZLXY	360.0	1994.0	1.01	0.99	-999.0	3.61	2003	http://www.stats.gov.cn/english/statisticaldata/yearlydata/yarbook2003_e.pdf	"For ""Shanxi"""	42.522	0.0	Mountains	5671.939434674622		
219	Xining	Xining					China	2127299.9999999995									7372.0		288.5648399348887			24776.27865506619		50.6318964872956		ZLXN	39.0	3686.0	1.01	0.99	-999.0	4.11	2003	http://www.stats.gov.cn/english/statisticaldata/yearlydata/yarbook2003_e.pdf	"For ""Qinghai"""	42.522	0.0	Mountains	3837.117183409561		
220	Yinchuan	Yinchuan					China	1446800.0000000005											630.0					148.54603326026216		ZLIC	244.0	2900.0	1.01	0.99	-999.0	3.76	2003	http://www.stats.gov.cn/english/statisticaldata/yearlydata/yarbook2003_e.pdf	"For ""Ningxia"""	42.522	0.0	Mountains	6717.400492520192		
221	York	York					United Kingdom	191600.0									271.94		704.5671839376333			11618.737988372513		91.72692242596506		EGXU	3.0	2248.0	1.65	1.44	-999.0	2.37	2011	http://www.ons.gov.uk/ons/interactive/vp2-2011-census-comparator/index.html / http://www.nomisweb.co.uk/articles/658.aspx (Table H01 2011 Census: Number of households with at least one usual resident, local authorities in England and Wales)	Calculation: population/households (198051/83600)	79.007	0.0	River	35594.619973550274		
222	Zagreb	Zagreb					Croatia	786000.0									641.0		1226.2090483619345			31045.133467461215		68.02		LDZA	189.0	2204.0	1.37	1.27	-999.0			croatia	-999	56.406	0.0	Mountains	18943.17326083901		
223	Zhengzhou	Zhengzhou					China	6916200.0											1100.0					64.53044690947793		ZHCC	370.0	1753.0	1.01	0.99	-999.0	3.6	2003	http://www.stats.gov.cn/english/statisticaldata/yearlydata/yarbook2003_e.pdf	"For ""Henan"""	42.522	0.0	-999	8438.516229791116		
224	Zürich	Zurich	Zurich				Switzerland	377000.0	785655.0								87.88		4289.9408284023675	4427.0		40215.76422632911		94.75		6660*	45.0	2519.0	1.52	1.3	56.86	2.16	2000	http://www.bfs.admin.ch/bfs/portal/en/index/infothek/onlinedb/stattab.html Household: http://www.pxweb.bfs.admin.ch/Dialog/Saveshow.asp – Population: http://www.pxweb.bfs.admin.ch/Dialog/Saveshow.asp	Calculation: population/households (1198569/553003)	73.457	1.0	Big Lake, Mountains	38195.46437954651	50167.53	
225	Atlanta		Atlanta				USA		2897178.0											636.0						KGAATLAN16			0.78	0.56	52.86	2.68	2010	http://factfinder2.census.gov/faces/tableservices/jsf/pages/productview.xhtml?pid=DEC_10_DP_DPDP1&prodType=table	-999	80.731	0.0	-999		31036.95	
226	Berne		Berne				Switzerland		295837.0											4385.0						LSZB			1.52	1.3	-999.0	2.33	2000	http://www.bfs.admin.ch/bfs/portal/en/index/infothek/onlinedb/stattab.html Household: http://www.pxweb.bfs.admin.ch/Dialog/Saveshow.asp – Population: http://www.pxweb.bfs.admin.ch/Dialog/Saveshow.asp	Calculation: population/households (943427/404054)	73.457	0.0	River		43468.52	
227	Bogotá		Bogota				Colombia		5569633.0											11603.0						SKBO			0.73	1.04	38.27			-999	-999	73.581	0.0	Mountains		2958.84	
228	Bologna		Bologna				Italy		448744.0											6698.999999999999						LIPE			1.63	1.57	-999.0	1.95	2004	http://www.urbanaudit.org	-999	67.588	0.0	Mountains		27573.8	
229	Brasília		Brasilia				Brazil		1821946.0											7137.999999999999						-999			1.45	1.68	-999.0	3.54	2010	http://www.ibge.gov.br/cidadesat/topwindow.htm?1	Calculation: population/households (2570160/725702)	82.834	0.0	-999		7910.24	
230	Brisbane		Brisbane				Australia		1488883.0											959.0						94576			0.94	0.74	-999.0	2.7	2011	http://www.censusdata.abs.gov.au/census_services/getproduct/census/2011/quickstat/3GBRI?opendocument&navpos=220	-999	88.182	1.0	-999		15036.29	
231	Cairo		Cairo				Egypt		13144000.0											27216.000000000004						HECA			0.2	0.49	35.29			egypt	-999	43.027	0.0	River		2140.14	
232	Calgary		Calgary	Calgary 	City 	2003.0	Canada		767059.0	922315.0	2003.0	132000.0	738000.0	1191000.0	1.0373428005626661	1.0242188630611628		825.29		2084.0	1117.5647348204875		32105.244406419926		17.3	CYYC			0.9	0.76	-999.0	2.6	2006.0	http://www12.statcan.gc.ca/census-recensement/2006/dp-pd/tbt/Rp-eng.cfm?TABID=1&LANG=E&APATH=3&DETAIL=0&DIM=0&FL=A&FREE=0&GC=001&GID=763424&GK=10&GRP=1&PID=89047&PRID=0&PTYPE=88971,97154&S=0&SHOWALL=0&SUB=0&Temporal=2006&THEME=69&VID=0&VNAMEE=&VNAMEF=&D1=	-999	80.122	0.0	-999		23982.62	
233	Chennai		Chennai				India		6083371.0											13321.0						VOMM			0.7	1.09	-999.0	4.23	2011	Household: http://www.censusindia.gov.in/2011census/hlo/District_Tables/Distt_table/33/HH1604-3300CRCD.pdf -- Population: http://www.censusindia.gov.in/2011-prov-results/paper2/data_files/tamilnadu/Tamil%20Nadu_PPT2_Volume1_2011.pdf	Calculation: pop/household (4681087/1106567)	29.235	1.0	-999		395.64	
234	Chicago		Chicago				USA		7523328.0											1680.9999999999998						KMDW			0.78	0.56	65.24	2.68	2010	http://factfinder2.census.gov/faces/tableservices/jsf/pages/productview.xhtml?pid=DEC_10_DP_DPDP1&prodType=table	metro area	80.731	1.0	-999		32109.75	
235	Cracow		Cracow				Poland		744987.0											5881.0						EPKK			1.4	1.43	-999.0			poland	-999	61.456	0.0	-999		3028.87	
236	Curitiba		Curitiba				Brazil		2431804.0											3030.0						SBBI*			1.45	1.68	-999.0	3.15	2010	http://www.ibge.gov.br/cidadesat/topwindow.htm?1	Calculation: population/households (1751907/555612)	82.834	0.0	-999		6514.69	
237	Dakar		Dakar				Senegal		1939000.0											10481.0						GOOY			1.26	1.35	-999.0			-999	-999	41.121	-999.0	-999		1115.67	
238	Dusseldorf		Dusseldorf				Germany		571064.0											4923.0						EDDL			1.56	1.56	50.42	1.8	2004	http://www.urbanaudit.org	-999	73.355	0.0	River		43744.89	
239	Frankfurt		Frankfurt				Germany		653241.0											4764.0						EDDF			1.56	1.56	62.34	1.8	2004	http://www.urbanaudit.org	-999	73.355	0.0	River		54570.75	
240	Graz		Graz				Austria		240066.0											3729.0						LOWG			0.94	0.74	-999.0			austria	-999	66.534	0.0	Mountains		31611.89	
241	Harare		Harare				Zimbabwe		1432260.0											3406.0						FVHA**			1.05	1.3	-999.0			-999	-999	35.86	-999.0	-999		784.8	
242	Ho Chi Minh City		Ho Chi Minh City				Vietnam		4811170.0											35565.0						VVTS			0.77	0.8	-999.0			-999	-999	27.281	1.0	Bay/river		1029.0	
243	Houston		Houston				USA		3918061.0											882.0						KTXHOUST63			0.78	0.56	51.3	2.83	2010	http://factfinder2.census.gov/faces/tableservices/jsf/pages/productview.xhtml?pid=DEC_10_DP_DPDP1&prodType=table	metro area	80.731	1.0	-999		30679.72	
244	Jakarta		Jakarta				Indonesia		9161000.0											17340.0						96745			0.42	0.5	35.4			indonesia	-999	45.937	1.0	-999		1861.08	
245	Kuala Lumpur		Kuala Lumpur				Malaysia		3773900.0											5785.0						WMSA			0.53	0.53	45.28			malaysia	-999	67.575	1.0	-999		6990.65	
246	Manila		Manila				Philippines		9447156.0											20637.0						98425			0.81	0.91	35.15			phillipines	-999	48.033	1.0	-999		2216.92	
247	Marseille		Marseille				France		798430.0											5871.0						LFML			1.45	1.52	-999.0			-999	-999	81.555	1.0	-999		29336.94	
248	Montreal		Montreal				Canada		3224130.0											3170.0						CWTA			0.9	0.76	51.6			-999	-999	80.122	-999.0	-999		16065.68	
249	Mumbai		Mumbai				India		17072000.0											33743.0						VABB			0.7	1.09	45.71	1.55	2011	Household: http://www.censusindia.gov.in/2011census/hlo/District_Tables/Distt_table/27/HH1604-2700CRCD.pdf -- Population: http://www.censusindia.gov.in/2011-prov-results/paper2/data_files/mah/8-POP-11-26.pdf	Calculation: pop/household (3145966/2027743)	29.235	1.0	-999		912.79	
250	Munich		Munich				Germany		1324208.0											5565.999999999999						IMUNICH2			1.56	1.56	52.52	1.76	2004	http://www.urbanaudit.org	-999	73.355	0.0	-999		54692.08	
251	Nantes		Nantes				France		534000.0											3584.0000000000005						LFRS			1.45	1.52	-999.0	2.17	2009	http://www.recensement.insee.fr/home.action	Calculation: pop/household (582159/267250)	81.555	0.0	Large River		32332.26	
252	Newcastle		Newcastle				United Kingdom		1131000.0											3836.0						EGNT			1.65	1.44	-999.0	2.39	2011	http://www.ons.gov.uk/ons/interactive/vp2-2011-census-comparator/index.html / http://www.nomisweb.co.uk/articles/658.aspx (Table H01 2011 Census: Number of households with at least one usual resident, local authorities in England and Wales)	Calculation: pop/household (280177/117200)	79.007	0.0	River		13815.73	
253	Osaka		Osaka				Japan		16828737.0											9813.0						47772			1.3	1.42	54.94			japan	-999	85.978	1.0	-999		39936.53	
254	Ottawa		Ottawa				Canada		972456.0											3126.0						CXOA			0.9	0.76	-999.0	2.5	2006	http://www12.statcan.gc.ca/census-recensement/2006/dp-pd/tbt/Rp-eng.cfm?TABID=1&LANG=E&APATH=3&DETAIL=0&DIM=0&FL=A&FREE=0&GC=001&GID=760855&GK=10&GRP=1&PID=89047&PRID=0&PTYPE=88971,97154&S=0&SHOWALL=0&SUB=0&Temporal=2006&THEME=69&VID=0&VNAMEE=&VNAMEF=&D1=	-999	80.122	0.0	River		18826.58	
255	Perth		Perth				Australia		1244320.0											1090.0						94608*			0.94	0.74	-999.0	2.6	2011	http://www.censusdata.abs.gov.au/census_services/getproduct/census/2011/quickstat/5GPER?opendocument&navpos=220	-999	88.182	1.0	-999		21995.2	
256	Phoenix		Phoenix				USA		2526113.0											1040.0						KPHX			0.78	0.56	-999.0	2.68	2010	http://factfinder2.census.gov/faces/tableservices/jsf/pages/productview.xhtml?pid=DEC_10_DP_DPDP1&prodType=table	-999	80.731	0.0	Mountains		26920.48	
257	Riyadh		Riyadh				Saudi Arabia		3116000.0											4395.0						OERK			0.09	0.16	35.37			-999	-999	80.979	-999.0	-999		5938.64	
258	Ruhr		Ruhr				Germany		7356500.0											3653.0						EDDL			1.56	1.56	-999.0			-999	-999	73.355	-999.0	-999		32987.55	
259	San Diego		San Diego				USA		2626714.0											1455.0						KSAN			0.78	0.56	-999.0	2.75	2010	http://factfinder2.census.gov/faces/tableservices/jsf/pages/productview.xhtml?pid=DEC_10_DP_DPDP1&prodType=table	metro area	80.731	-999.0	-999		26508.41	
260	San Francisco		San Francisco				USA		3837896.0											2054.0						KCASANFR34			0.78	0.56	52.39	2.61	2010	http://factfinder2.census.gov/faces/tableservices/jsf/pages/productview.xhtml?pid=DEC_10_DP_DPDP1&prodType=table	metro area	80.731	-999.0	-999		37154.47	
261	Sapporo		Sapporo				Japan		1757025.0											7212.0						47412			1.3	1.42	-999.0			-999	-999	85.978	-999.0	-999		37074.79	
262	Seoul			Seoul 	Seoul City	1998.0	South Korea			10321496.0	1998.0	1021000.0	10544000.0	9751000.0	1.0383259869847175	0.9960982748914233		605.21			17054.40425637382		419555.6760604549		4.1	RKSL			1.4	1.51	61.83	2.51	2009.0	-999	-999	81.345	0.0	Major River			29000.0
263	Stuttgart		Stuttgart				Germany		585604.0											5894.0						EDDS			1.56	1.56	-999.0	1.93	2004	http://www.urbanaudit.org	-999	73.355	0.0	-999		40341.71	
264	Taipei City		Taipei				Taiwan		5960673.0											23012.0						58968*			0.69	0.64	53.32			taiwan	-999	71.335	1.0	-999		13035.73	
265	Tehran		Tehran				Iran		6800000.0											11412.0						OIII			0.03	0.1	-999.0			-999	-999	67.558	-999.0	-999		2550.95	
266	Tel Aviv		Tel Aviv				Israel		2458155.0											7230.0						LLBG			1.7	1.37	46.5			-999	-999	91.518	-999.0	-999		14624.61	
267	Tunis		Tunis				Tunisia		1874600.0											9144.0						DTTA			0.84	0.96	-999.0			-999	-999	65.128	-999.0	-999		2140.92	
268	Vancouver		Vancouver				Canada		1898687.0											2161.0						CYVR			0.9	0.76	51.1	2.6	2006	http://www12.statcan.gc.ca/census-recensement/2006/dp-pd/tbt/Rp-eng.cfm?TABID=1&LANG=E&APATH=3&DETAIL=0&DIM=0&FL=A&FREE=0&GC=001&GID=764018&GK=10&GRP=1&PID=89047&PRID=0&PTYPE=88971,97154&S=0&SHOWALL=0&SUB=0&Temporal=2006&THEME=69&VID=0&VNAMEE=&VNAMEF=&D1=	-999	80.122	1.0	-999		25793.02	
269	Washington DC		Washington	Washington DC 	District of Columbia 	2000.0	USA		3739330.0	571723.0	2000.0	1298000.0	3376000.0	4634000.0	1.0214364594189063	1.0159625034923945		177.0		1433.0	3230.0734463276835		42973.33220678613		18.0	KDCA			0.78	0.56	51.19	2.64	2010.0	http://factfinder2.census.gov/faces/tableservices/jsf/pages/productview.xhtml?pid=DEC_10_DP_DPDP1&prodType=table	-999	80.731	0.0	River		34419.51	85500.0
270	Wellington		Wellington				New Zealand		366411.0											2198.0						NZWN			0.85	1.09	-999.0			new zealond	-999	86.052	1.0	-999		17972.42	
271	Delhi			Delhi 	National capital territory 	2000.0	India			13200000.0	2000.0	1369000.0	9726000.0	21935000.0	1.0473188089873222	1.041502144880785		1484.0			8894.87870619946		342654.9268897689		1.3	VIDD			0.7	1.09	-999.0	5.01	2011.0	-999	-999	29.235	0.0	-999			
272	Kolkata			Kolkata 	Metropolitan Area 	2000.0	India			15700000.0	2000.0	4513000.0	10890000.0	14283000.0	1.0193873384953314	1.0136536249858454		1886.67			8321.54006795041		361452.87253917544		0.9	VECC			0.7	1.09	-999.0	4.65	2011.0	-999	-999	29.235	0.0	-999			7027.027027027027
